query_id	page_id	score
0	10	2
0	346	1
1	1414	1
1	1561	1
1	1566	1
1	1572	1
1	2686	1
1	2734	1
2	1057	2
2	1059	1
2	1497	1
2	1707	1
3	1060	2
3	1062	2
3	1071	1
3	1097	2
3	1119	2
3	1131	2
3	1132	2
3	1136	2
3	1181	1
3	1192	1
3	1210	2
3	1285	2
3	1294	2
3	1752	2
3	1852	2
3	1885	2
4	2706	2
4	2939	1
5	503	2
5	506	2
6	2639	1
6	2672	1
6	2681	1
6	2684	1
6	2727	2
6	2750	2
6	2761	1
6	2888	1
6	2911	1
6	2923	1
7	2669	1
7	2683	1
7	2867	1
8	2639	2
8	2650	2
8	2750	1
8	2794	2
8	2888	2
9	2687	2
9	2766	2
10	2193	2
10	2258	1
11	1242	2
12	749	1
12	760	1
12	772	1
12	1021	1
12	1227	1
12	1497	1
12	2672	1
12	2683	1
12	2888	1
12	2908	1
13	2552	2
14	576	2
14	577	2
14	771	2
14	1023	1
15	1058	2
15	1059	2
15	1062	2
15	1252	1
15	1829	2
16	1077	1
16	1173	1
16	1707	1
16	1807	1
16	2647	1
16	2652	1
16	2708	1
16	2783	1
16	2879	1
16	2890	1
16	2906	1
16	2917	1
16	2933	1
17	2687	2
17	2790	2
18	2713	1
18	2874	1
18	2877	1
18	2878	1
19	2874	2
20	2691	1
20	2695	2
21	1061	1
21	1062	1
21	1119	1
21	1152	2
21	1252	1
21	1286	1
21	1294	1
21	1718	2
21	2007	1
22	2687	1
22	2736	1
22	2778	1
22	2780	1
22	2781	1
23	451	1
23	1026	1
23	2879	1
24	2689	2
24	2715	2
24	2717	2
24	2869	2
24	2934	2
25	2639	1
25	2661	1
25	2694	1
25	2750	1
25	2761	1
25	2783	2
25	2888	1
25	2908	1
26	2659	1
26	2660	1
26	2664	1
26	2670	1
26	2900	2
26	2908	1
27	2338	2
27	2503	1
28	2649	1
28	2652	1
28	2653	1
28	2669	2
28	2891	1
28	2899	1
28	2900	1
28	2904	1
28	2916	1
28	2917	1
28	2921	1
29	2639	1
29	2650	1
29	2683	1
29	2838	1
30	1054	1
30	1075	1
30	1092	1
30	1741	1
30	1981	1
30	2031	1
30	2051	1
30	2074	1
30	2104	1
30	2138	1
30	2192	1
30	2221	1
30	2231	1
30	2233	1
30	2234	1
30	2236	1
30	2251	1
30	2266	1
30	2268	1
30	2274	1
31	2193	2
31	2211	1
31	2214	1
32	2193	2
33	1057	1
33	1076	1
33	1707	1
33	1741	1
33	1774	1
33	1807	1
33	1976	1
33	2649	1
33	2683	1
33	2783	1
33	2794	1
33	2885	1
33	2910	1
33	2915	1
33	2917	1
33	2940	1
34	2813	1
34	2814	2
34	2815	1
35	2658	2
35	2659	1
35	2903	2
35	2905	1
35	2907	2
35	2908	1
36	1057	1
36	1058	2
36	2650	1
36	2888	1
36	2916	1
36	2917	1
36	2922	1
37	1087	2
37	1089	2
37	1101	1
37	1198	2
37	1907	1
37	1929	2
38	477	1
38	534	1
38	535	1
38	536	1
38	577	1
38	1014	1
38	1017	1
38	1021	1
38	1022	1
38	1027	1
38	1035	1
38	1036	1
38	1095	1
38	1196	1
38	1940	1
38	2900	2
38	2906	1
39	129	1
40	1294	2
41	2064	2
41	2193	2
41	2202	2
41	2203	2
41	2204	2
41	2211	2
41	2242	1
42	6	1
42	9	2
42	385	2
42	2869	2
42	2870	2
43	1060	2
44	1292	2
44	1308	2
45	1119	1
45	1141	1
45	1175	1
46	1108	1
46	1206	1
46	1308	2
46	1330	1
46	1363	2
46	1441	1
46	1463	1
46	1829	2
47	331	1
47	345	1
47	2057	1
48	1208	1
48	1252	1
48	2689	2
48	2713	2
48	2715	2
48	2717	2
48	2849	2
48	2869	2
48	2874	1
48	2877	1
48	2879	1
48	2934	2
48	2936	1
48	2937	2
49	534	2
50	293	1
50	305	2
51	2251	1
51	2252	1
51	2253	1
52	2690	2
52	2869	1
52	2870	1
52	2890	1
52	2892	2
53	1097	2
53	1308	2
53	1718	2
53	1829	2
54	1940	1
54	2874	1
54	2875	1
54	2877	1
54	2879	1
54	2881	1
55	275	2
56	478	1
56	577	1
56	578	1
56	596	1
56	1022	1
56	1027	1
56	1030	1
56	1132	1
56	1136	1
56	1160	1
56	1197	1
56	1219	1
56	1232	1
56	1285	1
57	1186	1
57	1219	1
57	1230	1
57	1241	1
57	2689	1
57	2715	1
57	2849	1
57	2869	1
57	2936	1
58	2064	2
58	2066	1
58	2193	2
58	2203	2
58	2258	2
58	2261	1
58	2262	2
59	3	1
59	7	1
59	385	1
59	389	1
59	390	1
59	2888	1
60	3	1
60	5	1
60	7	1
60	227	1
60	228	2
60	389	1
61	1191	2
61	1252	1
62	577	2
63	28	1
63	33	1
63	42	1
63	86	1
63	158	1
63	163	1
63	390	1
63	399	1
63	411	1
63	418	1
63	423	1
63	1028	1
64	2366	1
64	2869	1
64	2870	1
64	2900	1
64	2903	1
64	2915	1
65	452	2
65	453	1
66	2673	2
67	7	2
67	385	2
67	389	2
67	390	1
68	9	1
68	241	1
68	242	1
68	387	1
68	391	1
68	407	1
68	408	1
68	436	1
69	1061	2
69	1062	2
70	2154	1
70	2155	1
70	2156	1
70	2157	1
70	2158	1
70	2159	1
70	2168	1
70	2169	1
70	2273	1
71	2844	2
72	2737	2
72	2740	1
72	2742	1
72	2743	1
72	2748	1
72	2754	1
72	2766	1
72	2782	1
72	2785	1
72	2787	1
72	2830	1
73	1090	1
73	1091	2
73	1159	1
73	1530	1
74	2066	1
74	2193	2
74	2258	2
75	649	2
76	2840	2
77	2689	2
77	2713	2
77	2717	2
77	2849	2
77	2869	2
77	2934	2
77	2937	2
78	2676	1
78	2840	1
78	2913	1
79	2742	2
79	2743	2
79	2831	2
80	1206	2
80	1441	2
81	143	1
81	144	1
81	145	1
81	207	1
81	395	1
81	410	1
81	420	1
82	243	1
82	385	1
82	403	1
82	410	1
82	414	1
82	422	1
83	1206	1
83	1352	1
83	1363	1
84	1014	1
84	1023	1
84	1028	1
84	1030	1
84	1062	1
84	1119	1
84	1208	1
84	1230	1
84	1752	1
84	1829	1
85	2662	1
85	2666	2
85	2670	1
85	2879	1
85	2905	1
85	2941	2
86	1940	2
87	294	1
87	300	1
87	304	1
87	305	1
87	306	1
87	307	1
87	308	1
87	313	1
87	316	1
87	319	1
87	321	1
87	327	1
87	331	1
87	332	1
87	336	1
87	337	1
87	338	1
87	344	1
87	350	1
88	1099	1
88	1105	1
88	1119	1
88	1285	1
88	1718	1
88	2689	1
88	2713	1
88	2937	1
89	1132	1
89	1184	1
89	1215	1
89	1277	1
89	1941	1
89	2669	1
89	2684	1
89	2934	1
90	2687	2
91	2696	1
91	2722	1
91	2723	1
91	2794	1
91	2855	1
91	2876	1
91	2885	1
91	2886	1
91	2887	1
91	2889	1
91	2898	1
92	1081	2
92	1082	1
92	1497	1
92	1652	2
93	2343	2
94	2847	2
95	2669	2
95	2700	1
95	2706	1
95	2709	1
95	2905	1
96	2083	1
96	2087	1
96	2088	2
97	1582	2
97	1583	2
97	1587	2
97	1600	2
98	2887	2
99	1091	2
99	1158	2
99	1275	1
99	1374	1
99	1530	2
100	2239	2
101	2325	2
102	2677	2
103	2696	1
103	2847	2
104	1985	2
105	2284	1
105	2376	1
105	2382	2
105	2389	2
105	2398	1
105	2400	1
105	2519	1
105	2520	1
105	2556	1
105	2593	1
106	2805	2
107	1064	2
107	1718	1
108	2741	1
108	2797	1
108	2798	1
108	2799	1
108	2800	1
108	2804	1
108	2809	1
109	2649	2
109	2882	2
110	649	1
110	982	1
111	1982	1
111	1983	1
112	1982	1
112	1983	1
113	2661	1
113	2893	1
113	2894	1
113	2895	1
114	1095	2
114	1150	1
114	1151	1
114	1245	1
114	1246	2
114	1254	1
114	1258	1
114	1259	1
115	1107	1
115	1213	2
116	411	1
116	1097	1
116	1099	1
116	1100	1
116	1131	1
116	1132	1
116	1141	1
116	1160	1
116	1186	1
116	1208	1
116	1230	1
116	1241	1
116	1263	1
116	1284	1
116	1285	1
116	1297	1
116	1308	1
116	1485	1
116	1718	2
116	1829	1
117	1119	2
117	1131	1
117	1175	2
117	1186	1
117	1940	1
118	2640	1
118	2669	1
118	2867	1
118	2901	1
118	2903	1
118	2904	1
118	2907	1
118	2940	1
119	1101	1
119	1130	1
119	1161	1
119	1245	2
119	1249	1
119	1260	1
119	1266	1
120	2157	2
120	2183	2
121	1064	1
121	1519	1
121	1563	1
121	1630	2
121	1707	1
121	1718	1
122	84	2
122	144	2
122	395	2
122	410	1
122	422	1
123	2657	2
123	2913	2
124	1081	2
124	1127	1
125	615	1
125	623	1
125	624	1
125	625	1
125	629	1
125	633	1
125	634	1
125	635	1
125	639	1
125	643	1
125	644	1
125	666	1
125	667	1
126	2719	2
126	2868	1
127	2689	2
127	2713	2
127	2715	2
127	2717	2
127	2849	2
127	2869	2
127	2870	1
127	2874	1
127	2877	1
127	2879	1
127	2881	1
127	2934	2
127	2936	2
127	2937	2
128	2761	2
128	2889	2
129	2385	1
129	2429	2
129	2478	1
129	2479	2
129	2484	1
129	2485	1
129	2525	1
130	1625	2
131	1385	1
131	1674	1
131	2849	1
131	2876	1
132	2385	1
132	2478	1
132	2479	2
133	530	1
133	532	2
134	1626	2
135	2687	2
135	2731	2
135	2735	2
135	2749	1
135	2760	2
136	2849	2
136	2874	1
137	2689	2
137	2713	2
137	2715	2
137	2717	2
137	2849	2
137	2869	2
137	2934	2
137	2937	2
138	1591	2
138	1592	1
138	1594	1
138	1598	1
139	1095	1
139	1208	1
139	1252	1
139	2210	1
139	2669	1
139	2867	2
139	2879	1
139	2926	1
139	2932	1
140	2653	2
140	2897	2
141	1626	2
142	2193	2
143	10	2
143	87	1
143	88	1
143	218	1
143	247	1
143	346	1
143	401	1
143	402	1
143	2686	2
143	2889	2
144	2837	1
144	2841	1
144	2845	1
144	2897	1
145	2641	2
145	2675	2
145	2927	1
146	2362	2
147	1352	1
147	1363	2
148	921	2
148	925	2
149	2649	1
149	2882	1
149	2919	1
150	1276	2
151	2127	1
151	2249	1
151	2260	1
152	1238	2
153	2805	2
154	2739	1
154	2741	1
154	2743	1
154	2744	1
154	2751	1
154	2753	1
154	2756	1
154	2758	1
154	2760	1
154	2763	1
154	2767	1
154	2770	1
154	2773	1
154	2777	1
154	2779	1
154	2781	1
154	2784	1
154	2793	2
154	2799	1
154	2800	1
154	2810	1
154	2815	1
154	2817	1
154	2826	1
154	2834	1
155	2154	2
156	1206	1
156	1308	1
156	1352	2
156	1363	1
156	1386	1
156	1408	1
156	1419	1
156	1441	1
156	1829	1
157	494	1
157	565	1
157	569	1
157	620	1
157	621	1
157	630	1
157	631	1
157	641	1
157	1046	1
158	2925	2
159	2814	2
160	1016	2
161	84	1
161	143	2
161	391	1
161	395	1
161	414	1
161	417	1
161	419	2
162	454	1
162	458	1
162	528	2
162	532	1
162	601	2
162	602	1
163	1131	1
163	1208	1
163	1308	1
163	1718	1
163	1829	1
164	1079	2
165	2088	2
166	2804	1
166	2808	1
167	1080	1
167	1081	2
167	1127	2
168	1206	2
168	1430	2
168	1463	2
168	1829	2
169	2639	1
169	2684	1
169	2690	1
169	2727	1
169	2738	1
169	2750	1
169	2761	1
169	2838	1
169	2849	1
169	2888	1
169	2889	1
169	2892	1
169	2893	1
169	2909	1
169	2923	1
169	2931	1
169	2937	1
170	1094	1
170	1096	1
170	1301	1
170	1986	2
171	1541	1
172	2068	1
172	2115	1
172	2127	1
172	2230	1
172	2249	1
172	2260	1
173	1206	1
173	1352	1
173	1363	2
173	1397	1
173	1408	1
173	1441	1
173	1829	2
174	2072	2
175	1982	2
176	1611	2
176	1612	1
176	1632	1
177	2762	1
177	2764	1
178	2211	2
178	2214	1
179	1969	2
180	2709	1
180	2892	1
180	2895	1
180	2896	1
181	2037	2
181	2225	1
182	1060	1
182	1108	1
182	1206	1
182	1299	1
182	1319	1
182	1341	1
182	1352	1
182	1363	1
182	1374	1
182	1397	1
182	1430	1
182	1441	1
182	1452	1
182	1463	1
182	1829	1
183	1130	1
183	1141	1
183	2011	1
183	2012	2
184	611	2
184	656	2
184	668	2
184	670	1
184	675	2
184	679	2
184	686	2
184	783	1
185	7	1
185	385	1
185	1014	1
185	1046	1
185	1047	1
186	1292	1
186	1293	1
186	1967	1
186	1969	2
186	1978	1
186	1980	1
187	2744	1
187	2753	1
187	2757	1
187	2762	1
187	2763	1
187	2765	1
187	2767	1
187	2769	1
187	2775	1
187	2779	1
187	2780	1
187	2781	1
187	2784	1
187	2787	1
187	2788	1
187	2790	1
187	2813	1
187	2818	1
187	2819	1
187	2820	1
188	1008	2
188	1009	2
189	1741	1
189	1969	1
190	2722	1
190	2851	1
190	2852	1
190	2853	1
190	2854	1
190	2855	1
190	2856	1
191	2638	1
191	2686	1
191	2687	1
191	2731	1
191	2745	2
192	2934	2
193	2886	1
193	2888	1
193	2894	1
193	2896	1
193	2923	1
194	2064	2
194	2193	1
194	2202	2
194	2203	2
194	2214	2
195	2903	2
196	1046	2
196	1047	1
197	1016	2
198	2900	2
199	2721	1
199	2722	1
199	2847	1
199	2853	1
199	2854	2
199	2855	1
200	631	1
200	665	1
201	2833	1
201	2834	1
201	2835	2
201	2837	1
202	2686	2
202	2746	2
203	2894	1
203	2895	2
204	2805	2
204	2849	2
204	2874	1
204	2875	1
205	2260	2
206	165	1
207	993	2
207	1024	2
208	1969	2
209	2046	1
209	2047	2
209	2263	1
210	2442	2
211	2849	2
211	2874	1
211	2877	1
211	2879	1
211	2881	1
212	2688	2
213	1313	2
213	1321	2
213	1322	2
213	1332	2
213	1686	2
213	1823	2
213	1827	1
213	1839	2
214	2687	1
214	2740	1
214	2742	1
214	2758	1
214	2760	1
214	2763	1
214	2764	1
214	2770	1
214	2773	1
214	2777	1
214	2787	1
214	2793	1
214	2796	1
214	2798	1
214	2820	1
214	2909	1
215	1082	2
216	2657	1
216	2659	1
216	2660	1
216	2666	1
216	2669	1
216	2673	1
216	2872	1
216	2900	1
216	2901	1
216	2902	1
216	2903	1
216	2913	1
216	2914	1
216	2915	1
216	2940	2
217	1214	1
217	1215	2
218	2686	1
218	2731	1
218	2739	1
218	2740	1
218	2764	1
218	2767	1
218	2776	1
218	2777	1
218	2784	1
218	2785	1
218	2786	1
218	2787	1
218	2789	1
218	2790	1
218	2791	1
218	2792	1
218	2793	1
218	2795	2
218	2803	1
218	2820	1
219	1982	2
220	223	2
220	241	2
220	243	1
220	387	1
220	407	1
220	414	1
221	2798	1
221	2799	1
221	2800	1
221	2810	1
222	1035	2
223	2021	1
223	2024	1
223	2037	1
223	2056	1
223	2069	2
223	2072	2
223	2203	1
223	2211	1
223	2217	1
223	2259	1
223	2262	1
223	2276	1
224	2359	1
224	2393	1
224	2401	1
224	2441	1
224	2912	1
225	560	2
226	171	2
226	176	2
227	720	2
227	746	2
227	775	2
227	799	2
227	823	2
227	852	2
227	923	2
227	984	2
228	130	2
228	133	2
228	134	2
228	236	1
229	2849	2
230	2056	1
230	2064	1
230	2066	1
230	2211	1
230	2212	2
230	2241	2
230	2258	1
231	524	1
231	525	1
232	1090	1
232	1091	2
232	1121	1
232	1156	1
233	2337	1
233	2362	1
233	2393	1
233	2396	1
233	2397	1
233	2400	1
233	2419	1
233	2471	1
233	2475	1
234	1059	2
235	2219	1
235	2266	1
235	2641	1
235	2642	1
235	2649	1
235	2671	1
235	2674	1
236	1082	2
236	1266	1
236	1497	1
236	1652	2
236	1718	1
237	2479	2
238	2479	2
239	441	1
239	442	2
239	1049	2
239	1050	1
240	2821	1
240	2835	1
240	2844	1
240	2845	1
241	1102	2
241	1288	1
242	1097	2
242	1292	1
242	1308	2
242	1718	1
242	1829	2
242	2686	1
243	2847	2
244	5	2
244	7	2
244	228	2
244	385	2
244	389	2
244	390	2
245	2031	2
245	2243	1
246	2058	1
246	2193	2
246	2203	2
246	2204	1
246	2206	1
247	639	2
247	644	1
247	1211	2
247	1459	2
247	1470	1
248	439	2
249	2021	2
249	2237	1
249	2242	1
250	565	1
250	566	1
250	569	1
250	1014	2
250	1042	1
250	1045	1
250	1046	1
250	1047	1
251	1561	1
251	1562	1
251	1564	2
251	1566	1
251	1568	2
251	1579	2
251	1743	2
252	251	2
253	160	2
254	2875	2
255	2195	2
255	2260	2
256	1077	1
256	1082	1
256	1237	1
256	1308	1
256	1519	1
256	1530	1
256	1541	1
256	1563	1
256	1608	1
256	1619	1
256	1641	1
256	1707	2
256	1719	2
257	2382	2
258	2644	2
258	2713	1
258	2714	2
258	2849	1
258	2861	2
258	2875	1
258	2877	1
258	2934	1
259	475	1
259	476	1
259	893	1
259	901	1
259	910	2
259	933	1
259	1046	1
259	1047	1
260	2398	1
260	2439	1
260	2505	1
260	2520	1
260	2571	1
260	2581	1
261	444	2
261	445	2
261	452	1
262	2550	2
263	2057	2
263	2058	1
263	2155	2
263	2156	1
263	2184	1
263	2595	1
264	1077	2
264	1082	1
264	1719	2
264	1741	1
265	2796	2
266	1148	2
267	2805	2
268	1869	2
269	2882	2
270	2815	1
270	2817	1
270	2819	1
271	450	2
272	1046	2
273	67	2
273	430	1
274	2356	1
274	2398	1
274	2402	1
274	2403	1
274	2604	1
275	1	1
275	385	2
276	2894	2
276	2895	2
277	2877	2
278	2716	1
278	2727	1
278	2772	1
278	2886	1
278	2923	1
278	2924	2
278	2931	1
279	2801	2
279	2804	2
280	2721	2
281	2691	1
281	2794	1
281	2876	1
281	2887	2
282	668	1
282	671	2
282	679	1
282	682	2
283	2639	1
283	2672	1
283	2683	1
283	2705	1
283	2716	1
283	2738	1
283	2783	1
283	2794	1
283	2838	1
283	2849	1
283	2888	1
283	2923	1
283	2924	1
283	2925	1
284	1563	1
284	1741	1
285	1103	1
285	1562	1
285	1564	1
285	1565	1
285	1566	1
285	1567	1
285	1568	1
285	1569	1
285	1570	1
285	1571	1
285	1572	1
285	1573	1
285	1575	1
285	1576	1
285	1579	1
285	1616	1
285	1743	1
285	1961	1
286	134	2
287	2231	1
287	2650	1
287	2761	1
287	2888	1
287	2892	1
287	2893	1
287	2894	1
287	2895	1
287	2896	1
288	621	2
288	622	1
288	624	1
288	631	2
288	632	1
288	634	1
288	641	2
288	642	1
288	644	1
288	665	1
289	1073	1
289	1074	1
289	1076	1
289	1741	1
290	84	1
290	143	1
290	395	2
291	1073	1
291	1074	1
291	1719	2
292	10	2
292	346	1
293	1414	1
293	1561	1
293	1566	1
293	1572	1
293	2686	1
293	2734	1
294	1057	2
294	1059	1
294	1497	1
294	1707	1
295	1060	2
295	1062	2
295	1071	1
295	1097	2
295	1119	2
295	1131	2
295	1132	2
295	1136	2
295	1181	1
295	1192	1
295	1210	2
295	1285	2
295	1294	2
295	1752	2
295	1852	2
295	1885	2
296	2706	2
296	2939	1
297	503	2
297	506	2
298	2639	1
298	2672	1
298	2681	1
298	2684	1
298	2727	2
298	2750	2
298	2761	1
298	2888	1
298	2911	1
298	2923	1
299	2669	1
299	2683	1
299	2867	1
300	2639	2
300	2650	2
300	2750	1
300	2794	2
300	2888	2
301	2687	2
301	2766	2
302	2193	2
302	2258	1
303	1242	2
304	749	1
304	760	1
304	772	1
304	1021	1
304	1227	1
304	1497	1
304	2672	1
304	2683	1
304	2888	1
304	2908	1
305	2552	2
306	576	2
306	577	2
306	771	2
306	1023	1
307	1058	2
307	1059	2
307	1062	2
307	1252	1
307	1829	2
308	1077	1
308	1173	1
308	1707	1
308	1807	1
308	2647	1
308	2652	1
308	2708	1
308	2783	1
308	2879	1
308	2890	1
308	2906	1
308	2917	1
308	2933	1
309	2687	2
309	2790	2
310	2713	1
310	2874	1
310	2877	1
310	2878	1
311	2874	2
312	2691	1
312	2695	2
313	1061	1
313	1062	1
313	1119	1
313	1152	2
313	1252	1
313	1286	1
313	1294	1
313	1718	2
313	2007	1
314	2687	1
314	2736	1
314	2778	1
314	2780	1
314	2781	1
315	451	1
315	1026	1
315	2879	1
316	2689	2
316	2715	2
316	2717	2
316	2869	2
316	2934	2
317	2639	1
317	2661	1
317	2694	1
317	2750	1
317	2761	1
317	2783	2
317	2888	1
317	2908	1
318	2659	1
318	2660	1
318	2664	1
318	2670	1
318	2900	2
318	2908	1
319	2338	2
319	2503	1
320	2649	1
320	2652	1
320	2653	1
320	2669	2
320	2891	1
320	2899	1
320	2900	1
320	2904	1
320	2916	1
320	2917	1
320	2921	1
321	2639	1
321	2650	1
321	2683	1
321	2838	1
322	1054	1
322	1075	1
322	1092	1
322	1741	1
322	1981	1
322	2031	1
322	2051	1
322	2074	1
322	2104	1
322	2138	1
322	2192	1
322	2221	1
322	2231	1
322	2233	1
322	2234	1
322	2236	1
322	2251	1
322	2266	1
322	2268	1
322	2274	1
323	2193	2
323	2211	1
323	2214	1
324	2193	2
325	1057	1
325	1076	1
325	1707	1
325	1741	1
325	1774	1
325	1807	1
325	1976	1
325	2649	1
325	2683	1
325	2783	1
325	2794	1
325	2885	1
325	2910	1
325	2915	1
325	2917	1
325	2940	1
326	2813	1
326	2814	2
326	2815	1
327	2658	2
327	2659	1
327	2903	2
327	2905	1
327	2907	2
327	2908	1
328	1057	1
328	1058	2
328	2650	1
328	2888	1
328	2916	1
328	2917	1
328	2922	1
329	1087	2
329	1089	2
329	1101	1
329	1198	2
329	1907	1
329	1929	2
330	477	1
330	534	1
330	535	1
330	536	1
330	577	1
330	1014	1
330	1017	1
330	1021	1
330	1022	1
330	1027	1
330	1035	1
330	1036	1
330	1095	1
330	1196	1
330	1940	1
330	2900	2
330	2906	1
331	129	1
332	1294	2
333	2064	2
333	2193	2
333	2202	2
333	2203	2
333	2204	2
333	2211	2
333	2242	1
334	6	1
334	9	2
334	385	2
334	2869	2
334	2870	2
335	1060	2
336	1292	2
336	1308	2
337	1119	1
337	1141	1
337	1175	1
338	1108	1
338	1206	1
338	1308	2
338	1330	1
338	1363	2
338	1441	1
338	1463	1
338	1829	2
339	331	1
339	345	1
339	2057	1
340	1208	1
340	1252	1
340	2689	2
340	2713	2
340	2715	2
340	2717	2
340	2849	2
340	2869	2
340	2874	1
340	2877	1
340	2879	1
340	2934	2
340	2936	1
340	2937	2
341	534	2
342	293	1
342	305	2
343	2251	1
343	2252	1
343	2253	1
344	2690	2
344	2869	1
344	2870	1
344	2890	1
344	2892	2
345	1097	2
345	1308	2
345	1718	2
345	1829	2
346	1940	1
346	2874	1
346	2875	1
346	2877	1
346	2879	1
346	2881	1
347	275	2
348	478	1
348	577	1
348	578	1
348	596	1
348	1022	1
348	1027	1
348	1030	1
348	1132	1
348	1136	1
348	1160	1
348	1197	1
348	1219	1
348	1232	1
348	1285	1
349	1186	1
349	1219	1
349	1230	1
349	1241	1
349	2689	1
349	2715	1
349	2849	1
349	2869	1
349	2936	1
350	2064	2
350	2066	1
350	2193	2
350	2203	2
350	2258	2
350	2261	1
350	2262	2
351	3	1
351	7	1
351	385	1
351	389	1
351	390	1
351	2888	1
352	3	1
352	5	1
352	7	1
352	227	1
352	228	2
352	389	1
353	1191	2
353	1252	1
354	577	2
355	28	1
355	33	1
355	42	1
355	86	1
355	158	1
355	163	1
355	390	1
355	399	1
355	411	1
355	418	1
355	423	1
355	1028	1
356	2366	1
356	2869	1
356	2870	1
356	2900	1
356	2903	1
356	2915	1
357	452	2
357	453	1
358	2673	2
359	7	2
359	385	2
359	389	2
359	390	1
360	9	1
360	241	1
360	242	1
360	387	1
360	391	1
360	407	1
360	408	1
360	436	1
361	1061	2
361	1062	2
362	2154	1
362	2155	1
362	2156	1
362	2157	1
362	2158	1
362	2159	1
362	2168	1
362	2169	1
362	2273	1
363	2844	2
364	2737	2
364	2740	1
364	2742	1
364	2743	1
364	2748	1
364	2754	1
364	2766	1
364	2782	1
364	2785	1
364	2787	1
364	2830	1
365	1090	1
365	1091	2
365	1159	1
365	1530	1
366	2066	1
366	2193	2
366	2258	2
367	649	2
368	2840	2
369	2689	2
369	2713	2
369	2717	2
369	2849	2
369	2869	2
369	2934	2
369	2937	2
370	2676	1
370	2840	1
370	2913	1
371	2742	2
371	2743	2
371	2831	2
372	1206	2
372	1441	2
373	143	1
373	144	1
373	145	1
373	207	1
373	395	1
373	410	1
373	420	1
374	243	1
374	385	1
374	403	1
374	410	1
374	414	1
374	422	1
375	1206	1
375	1352	1
375	1363	1
376	1014	1
376	1023	1
376	1028	1
376	1030	1
376	1062	1
376	1119	1
376	1208	1
376	1230	1
376	1752	1
376	1829	1
377	2662	1
377	2666	2
377	2670	1
377	2879	1
377	2905	1
377	2941	2
378	1940	2
379	294	1
379	300	1
379	304	1
379	305	1
379	306	1
379	307	1
379	308	1
379	313	1
379	316	1
379	319	1
379	321	1
379	327	1
379	331	1
379	332	1
379	336	1
379	337	1
379	338	1
379	344	1
379	350	1
380	1099	1
380	1105	1
380	1119	1
380	1285	1
380	1718	1
380	2689	1
380	2713	1
380	2937	1
381	1132	1
381	1184	1
381	1215	1
381	1277	1
381	1941	1
381	2669	1
381	2684	1
381	2934	1
382	2687	2
383	2696	1
383	2722	1
383	2723	1
383	2794	1
383	2855	1
383	2876	1
383	2885	1
383	2886	1
383	2887	1
383	2889	1
383	2898	1
384	1081	2
384	1082	1
384	1497	1
384	1652	2
385	2343	2
386	2847	2
387	2669	2
387	2700	1
387	2706	1
387	2709	1
387	2905	1
388	2083	1
388	2087	1
388	2088	2
389	1582	2
389	1583	2
389	1587	2
389	1600	2
390	2887	2
391	1091	2
391	1158	2
391	1275	1
391	1374	1
391	1530	2
392	2239	2
393	2325	2
394	2677	2
395	2696	1
395	2847	2
396	1985	2
397	2284	1
397	2376	1
397	2382	2
397	2389	2
397	2398	1
397	2400	1
397	2519	1
397	2520	1
397	2556	1
397	2593	1
398	2805	2
399	1064	2
399	1718	1
400	2741	1
400	2797	1
400	2798	1
400	2799	1
400	2800	1
400	2804	1
400	2809	1
401	2649	2
401	2882	2
402	649	1
402	982	1
403	1982	1
403	1983	1
404	1982	1
404	1983	1
405	2661	1
405	2893	1
405	2894	1
405	2895	1
406	1095	2
406	1150	1
406	1151	1
406	1245	1
406	1246	2
406	1254	1
406	1258	1
406	1259	1
407	1107	1
407	1213	2
408	411	1
408	1097	1
408	1099	1
408	1100	1
408	1131	1
408	1132	1
408	1141	1
408	1160	1
408	1186	1
408	1208	1
408	1230	1
408	1241	1
408	1263	1
408	1284	1
408	1285	1
408	1297	1
408	1308	1
408	1485	1
408	1718	2
408	1829	1
409	1119	2
409	1131	1
409	1175	2
409	1186	1
409	1940	1
410	2640	1
410	2669	1
410	2867	1
410	2901	1
410	2903	1
410	2904	1
410	2907	1
410	2940	1
411	1101	1
411	1130	1
411	1161	1
411	1245	2
411	1249	1
411	1260	1
411	1266	1
412	2157	2
412	2183	2
413	1064	1
413	1519	1
413	1563	1
413	1630	2
413	1707	1
413	1718	1
414	84	2
414	144	2
414	395	2
414	410	1
414	422	1
415	2657	2
415	2913	2
416	1081	2
416	1127	1
417	615	1
417	623	1
417	624	1
417	625	1
417	629	1
417	633	1
417	634	1
417	635	1
417	639	1
417	643	1
417	644	1
417	666	1
417	667	1
418	2719	2
418	2868	1
419	2689	2
419	2713	2
419	2715	2
419	2717	2
419	2849	2
419	2869	2
419	2870	1
419	2874	1
419	2877	1
419	2879	1
419	2881	1
419	2934	2
419	2936	2
419	2937	2
420	2761	2
420	2889	2
421	2385	1
421	2429	2
421	2478	1
421	2479	2
421	2484	1
421	2485	1
421	2525	1
422	1625	2
423	1385	1
423	1674	1
423	2849	1
423	2876	1
424	2385	1
424	2478	1
424	2479	2
425	530	1
425	532	2
426	1626	2
427	2687	2
427	2731	2
427	2735	2
427	2749	1
427	2760	2
428	2849	2
428	2874	1
429	2689	2
429	2713	2
429	2715	2
429	2717	2
429	2849	2
429	2869	2
429	2934	2
429	2937	2
430	1591	2
430	1592	1
430	1594	1
430	1598	1
431	1095	1
431	1208	1
431	1252	1
431	2210	1
431	2669	1
431	2867	2
431	2879	1
431	2926	1
431	2932	1
432	2653	2
432	2897	2
433	1626	2
434	2193	2
435	10	2
435	87	1
435	88	1
435	218	1
435	247	1
435	346	1
435	401	1
435	402	1
435	2686	2
435	2889	2
436	2837	1
436	2841	1
436	2845	1
436	2897	1
437	2641	2
437	2675	2
437	2927	1
438	2362	2
439	1352	1
439	1363	2
440	921	2
440	925	2
441	2649	1
441	2882	1
441	2919	1
442	1276	2
443	2127	1
443	2249	1
443	2260	1
444	1238	2
445	2805	2
446	2739	1
446	2741	1
446	2743	1
446	2744	1
446	2751	1
446	2753	1
446	2756	1
446	2758	1
446	2760	1
446	2763	1
446	2767	1
446	2770	1
446	2773	1
446	2777	1
446	2779	1
446	2781	1
446	2784	1
446	2793	2
446	2799	1
446	2800	1
446	2810	1
446	2815	1
446	2817	1
446	2826	1
446	2834	1
447	2154	2
448	1206	1
448	1308	1
448	1352	2
448	1363	1
448	1386	1
448	1408	1
448	1419	1
448	1441	1
448	1829	1
449	494	1
449	565	1
449	569	1
449	620	1
449	621	1
449	630	1
449	631	1
449	641	1
449	1046	1
450	2925	2
451	2814	2
452	1016	2
453	84	1
453	143	2
453	391	1
453	395	1
453	414	1
453	417	1
453	419	2
454	454	1
454	458	1
454	528	2
454	532	1
454	601	2
454	602	1
455	1131	1
455	1208	1
455	1308	1
455	1718	1
455	1829	1
456	1079	2
457	2088	2
458	2804	1
458	2808	1
459	1080	1
459	1081	2
459	1127	2
460	1206	2
460	1430	2
460	1463	2
460	1829	2
461	2639	1
461	2684	1
461	2690	1
461	2727	1
461	2738	1
461	2750	1
461	2761	1
461	2838	1
461	2849	1
461	2888	1
461	2889	1
461	2892	1
461	2893	1
461	2909	1
461	2923	1
461	2931	1
461	2937	1
462	1094	1
462	1096	1
462	1301	1
462	1986	2
463	1541	1
464	2068	1
464	2115	1
464	2127	1
464	2230	1
464	2249	1
464	2260	1
465	1206	1
465	1352	1
465	1363	2
465	1397	1
465	1408	1
465	1441	1
465	1829	2
466	2072	2
467	1982	2
468	1611	2
468	1612	1
468	1632	1
469	2762	1
469	2764	1
470	2211	2
470	2214	1
471	1969	2
472	2709	1
472	2892	1
472	2895	1
472	2896	1
473	2037	2
473	2225	1
474	1060	1
474	1108	1
474	1206	1
474	1299	1
474	1319	1
474	1341	1
474	1352	1
474	1363	1
474	1374	1
474	1397	1
474	1430	1
474	1441	1
474	1452	1
474	1463	1
474	1829	1
475	1130	1
475	1141	1
475	2011	1
475	2012	2
476	611	2
476	656	2
476	668	2
476	670	1
476	675	2
476	679	2
476	686	2
476	783	1
477	7	1
477	385	1
477	1014	1
477	1046	1
477	1047	1
478	1292	1
478	1293	1
478	1967	1
478	1969	2
478	1978	1
478	1980	1
479	2744	1
479	2753	1
479	2757	1
479	2762	1
479	2763	1
479	2765	1
479	2767	1
479	2769	1
479	2775	1
479	2779	1
479	2780	1
479	2781	1
479	2784	1
479	2787	1
479	2788	1
479	2790	1
479	2813	1
479	2818	1
479	2819	1
479	2820	1
480	1008	2
480	1009	2
481	1741	1
481	1969	1
482	2722	1
482	2851	1
482	2852	1
482	2853	1
482	2854	1
482	2855	1
482	2856	1
483	2638	1
483	2686	1
483	2687	1
483	2731	1
483	2745	2
484	2934	2
485	2886	1
485	2888	1
485	2894	1
485	2896	1
485	2923	1
486	2064	2
486	2193	1
486	2202	2
486	2203	2
486	2214	2
487	2903	2
488	1046	2
488	1047	1
489	1016	2
490	2900	2
491	2721	1
491	2722	1
491	2847	1
491	2853	1
491	2854	2
491	2855	1
492	631	1
492	665	1
493	2833	1
493	2834	1
493	2835	2
493	2837	1
494	2686	2
494	2746	2
495	2894	1
495	2895	2
496	2805	2
496	2849	2
496	2874	1
496	2875	1
497	2260	2
498	165	1
499	993	2
499	1024	2
500	1969	2
501	2046	1
501	2047	2
501	2263	1
502	2442	2
503	2849	2
503	2874	1
503	2877	1
503	2879	1
503	2881	1
504	2688	2
505	1313	2
505	1321	2
505	1322	2
505	1332	2
505	1686	2
505	1823	2
505	1827	1
505	1839	2
506	2687	1
506	2740	1
506	2742	1
506	2758	1
506	2760	1
506	2763	1
506	2764	1
506	2770	1
506	2773	1
506	2777	1
506	2787	1
506	2793	1
506	2796	1
506	2798	1
506	2820	1
506	2909	1
507	1082	2
508	2657	1
508	2659	1
508	2660	1
508	2666	1
508	2669	1
508	2673	1
508	2872	1
508	2900	1
508	2901	1
508	2902	1
508	2903	1
508	2913	1
508	2914	1
508	2915	1
508	2940	2
509	1214	1
509	1215	2
510	2686	1
510	2731	1
510	2739	1
510	2740	1
510	2764	1
510	2767	1
510	2776	1
510	2777	1
510	2784	1
510	2785	1
510	2786	1
510	2787	1
510	2789	1
510	2790	1
510	2791	1
510	2792	1
510	2793	1
510	2795	2
510	2803	1
510	2820	1
511	1982	2
512	223	2
512	241	2
512	243	1
512	387	1
512	407	1
512	414	1
513	2798	1
513	2799	1
513	2800	1
513	2810	1
514	1035	2
515	2021	1
515	2024	1
515	2037	1
515	2056	1
515	2069	2
515	2072	2
515	2203	1
515	2211	1
515	2217	1
515	2259	1
515	2262	1
515	2276	1
516	2359	1
516	2393	1
516	2401	1
516	2441	1
516	2912	1
517	560	2
518	171	2
518	176	2
519	720	2
519	746	2
519	775	2
519	799	2
519	823	2
519	852	2
519	923	2
519	984	2
520	130	2
520	133	2
520	134	2
520	236	1
521	2849	2
522	2056	1
522	2064	1
522	2066	1
522	2211	1
522	2212	2
522	2241	2
522	2258	1
523	524	1
523	525	1
524	1090	1
524	1091	2
524	1121	1
524	1156	1
525	2337	1
525	2362	1
525	2393	1
525	2396	1
525	2397	1
525	2400	1
525	2419	1
525	2471	1
525	2475	1
526	1059	2
527	2219	1
527	2266	1
527	2641	1
527	2642	1
527	2649	1
527	2671	1
527	2674	1
528	1082	2
528	1266	1
528	1497	1
528	1652	2
528	1718	1
529	2479	2
530	2479	2
531	441	1
531	442	2
531	1049	2
531	1050	1
532	2821	1
532	2835	1
532	2844	1
532	2845	1
533	1102	2
533	1288	1
534	1097	2
534	1292	1
534	1308	2
534	1718	1
534	1829	2
534	2686	1
535	2847	2
536	5	2
536	7	2
536	228	2
536	385	2
536	389	2
536	390	2
537	2031	2
537	2243	1
538	2058	1
538	2193	2
538	2203	2
538	2204	1
538	2206	1
539	639	2
539	644	1
539	1211	2
539	1459	2
539	1470	1
540	439	2
541	2021	2
541	2237	1
541	2242	1
542	565	1
542	566	1
542	569	1
542	1014	2
542	1042	1
542	1045	1
542	1046	1
542	1047	1
543	1561	1
543	1562	1
543	1564	2
543	1566	1
543	1568	2
543	1579	2
543	1743	2
544	251	2
545	160	2
546	2875	2
547	2195	2
547	2260	2
548	1077	1
548	1082	1
548	1237	1
548	1308	1
548	1519	1
548	1530	1
548	1541	1
548	1563	1
548	1608	1
548	1619	1
548	1641	1
548	1707	2
548	1719	2
549	2382	2
550	2644	2
550	2713	1
550	2714	2
550	2849	1
550	2861	2
550	2875	1
550	2877	1
550	2934	1
551	475	1
551	476	1
551	893	1
551	901	1
551	910	2
551	933	1
551	1046	1
551	1047	1
552	2398	1
552	2439	1
552	2505	1
552	2520	1
552	2571	1
552	2581	1
553	444	2
553	445	2
553	452	1
554	2550	2
555	2057	2
555	2058	1
555	2155	2
555	2156	1
555	2184	1
555	2595	1
556	1077	2
556	1082	1
556	1719	2
556	1741	1
557	2796	2
558	1148	2
559	2805	2
560	1869	2
561	2882	2
562	2815	1
562	2817	1
562	2819	1
563	450	2
564	1046	2
565	67	2
565	430	1
566	2356	1
566	2398	1
566	2402	1
566	2403	1
566	2604	1
567	1	1
567	385	2
568	2894	2
568	2895	2
569	2877	2
570	2716	1
570	2727	1
570	2772	1
570	2886	1
570	2923	1
570	2924	2
570	2931	1
571	2801	2
571	2804	2
572	2721	2
573	2691	1
573	2794	1
573	2876	1
573	2887	2
574	668	1
574	671	2
574	679	1
574	682	2
575	2639	1
575	2672	1
575	2683	1
575	2705	1
575	2716	1
575	2738	1
575	2783	1
575	2794	1
575	2838	1
575	2849	1
575	2888	1
575	2923	1
575	2924	1
575	2925	1
576	1563	1
576	1741	1
577	1103	1
577	1562	1
577	1564	1
577	1565	1
577	1566	1
577	1567	1
577	1568	1
577	1569	1
577	1570	1
577	1571	1
577	1572	1
577	1573	1
577	1575	1
577	1576	1
577	1579	1
577	1616	1
577	1743	1
577	1961	1
578	134	2
579	2231	1
579	2650	1
579	2761	1
579	2888	1
579	2892	1
579	2893	1
579	2894	1
579	2895	1
579	2896	1
580	621	2
580	622	1
580	624	1
580	631	2
580	632	1
580	634	1
580	641	2
580	642	1
580	644	1
580	665	1
581	1073	1
581	1074	1
581	1076	1
581	1741	1
582	84	1
582	143	1
582	395	2
583	1073	1
583	1074	1
583	1719	2
584	10	2
584	346	1
585	1414	1
585	1561	1
585	1566	1
585	1572	1
585	2686	1
585	2734	1
586	1057	2
586	1059	1
586	1497	1
586	1707	1
587	1060	2
587	1062	2
587	1071	1
587	1097	2
587	1119	2
587	1131	2
587	1132	2
587	1136	2
587	1181	1
587	1192	1
587	1210	2
587	1285	2
587	1294	2
587	1752	2
587	1852	2
587	1885	2
588	2706	2
588	2939	1
589	503	2
589	506	2
590	2639	1
590	2672	1
590	2681	1
590	2684	1
590	2727	2
590	2750	2
590	2761	1
590	2888	1
590	2911	1
590	2923	1
591	2669	1
591	2683	1
591	2867	1
592	2639	2
592	2650	2
592	2750	1
592	2794	2
592	2888	2
593	2687	2
593	2766	2
594	2193	2
594	2258	1
595	1242	2
596	749	1
596	760	1
596	772	1
596	1021	1
596	1227	1
596	1497	1
596	2672	1
596	2683	1
596	2888	1
596	2908	1
597	2552	2
598	576	2
598	577	2
598	771	2
598	1023	1
599	1058	2
599	1059	2
599	1062	2
599	1252	1
599	1829	2
600	1077	1
600	1173	1
600	1707	1
600	1807	1
600	2647	1
600	2652	1
600	2708	1
600	2783	1
600	2879	1
600	2890	1
600	2906	1
600	2917	1
600	2933	1
601	2687	2
601	2790	2
602	2713	1
602	2874	1
602	2877	1
602	2878	1
603	2874	2
604	2691	1
604	2695	2
605	1061	1
605	1062	1
605	1119	1
605	1152	2
605	1252	1
605	1286	1
605	1294	1
605	1718	2
605	2007	1
606	2687	1
606	2736	1
606	2778	1
606	2780	1
606	2781	1
607	451	1
607	1026	1
607	2879	1
608	2689	2
608	2715	2
608	2717	2
608	2869	2
608	2934	2
609	2639	1
609	2661	1
609	2694	1
609	2750	1
609	2761	1
609	2783	2
609	2888	1
609	2908	1
610	2659	1
610	2660	1
610	2664	1
610	2670	1
610	2900	2
610	2908	1
611	2338	2
611	2503	1
612	2649	1
612	2652	1
612	2653	1
612	2669	2
612	2891	1
612	2899	1
612	2900	1
612	2904	1
612	2916	1
612	2917	1
612	2921	1
613	2639	1
613	2650	1
613	2683	1
613	2838	1
614	1054	1
614	1075	1
614	1092	1
614	1741	1
614	1981	1
614	2031	1
614	2051	1
614	2074	1
614	2104	1
614	2138	1
614	2192	1
614	2221	1
614	2231	1
614	2233	1
614	2234	1
614	2236	1
614	2251	1
614	2266	1
614	2268	1
614	2274	1
615	2193	2
615	2211	1
615	2214	1
616	2193	2
617	1057	1
617	1076	1
617	1707	1
617	1741	1
617	1774	1
617	1807	1
617	1976	1
617	2649	1
617	2683	1
617	2783	1
617	2794	1
617	2885	1
617	2910	1
617	2915	1
617	2917	1
617	2940	1
618	2813	1
618	2814	2
618	2815	1
619	2658	2
619	2659	1
619	2903	2
619	2905	1
619	2907	2
619	2908	1
620	1057	1
620	1058	2
620	2650	1
620	2888	1
620	2916	1
620	2917	1
620	2922	1
621	1087	2
621	1089	2
621	1101	1
621	1198	2
621	1907	1
621	1929	2
622	477	1
622	534	1
622	535	1
622	536	1
622	577	1
622	1014	1
622	1017	1
622	1021	1
622	1022	1
622	1027	1
622	1035	1
622	1036	1
622	1095	1
622	1196	1
622	1940	1
622	2900	2
622	2906	1
623	129	1
624	1294	2
625	2064	2
625	2193	2
625	2202	2
625	2203	2
625	2204	2
625	2211	2
625	2242	1
626	6	1
626	9	2
626	385	2
626	2869	2
626	2870	2
627	1060	2
628	1292	2
628	1308	2
629	1119	1
629	1141	1
629	1175	1
630	1108	1
630	1206	1
630	1308	2
630	1330	1
630	1363	2
630	1441	1
630	1463	1
630	1829	2
631	331	1
631	345	1
631	2057	1
632	1208	1
632	1252	1
632	2689	2
632	2713	2
632	2715	2
632	2717	2
632	2849	2
632	2869	2
632	2874	1
632	2877	1
632	2879	1
632	2934	2
632	2936	1
632	2937	2
633	534	2
634	293	1
634	305	2
635	2251	1
635	2252	1
635	2253	1
636	2690	2
636	2869	1
636	2870	1
636	2890	1
636	2892	2
637	1097	2
637	1308	2
637	1718	2
637	1829	2
638	1940	1
638	2874	1
638	2875	1
638	2877	1
638	2879	1
638	2881	1
639	275	2
640	478	1
640	577	1
640	578	1
640	596	1
640	1022	1
640	1027	1
640	1030	1
640	1132	1
640	1136	1
640	1160	1
640	1197	1
640	1219	1
640	1232	1
640	1285	1
641	1186	1
641	1219	1
641	1230	1
641	1241	1
641	2689	1
641	2715	1
641	2849	1
641	2869	1
641	2936	1
642	2064	2
642	2066	1
642	2193	2
642	2203	2
642	2258	2
642	2261	1
642	2262	2
643	3	1
643	7	1
643	385	1
643	389	1
643	390	1
643	2888	1
644	3	1
644	5	1
644	7	1
644	227	1
644	228	2
644	389	1
645	1191	2
645	1252	1
646	577	2
647	28	1
647	33	1
647	42	1
647	86	1
647	158	1
647	163	1
647	390	1
647	399	1
647	411	1
647	418	1
647	423	1
647	1028	1
648	2366	1
648	2869	1
648	2870	1
648	2900	1
648	2903	1
648	2915	1
649	452	2
649	453	1
650	2673	2
651	7	2
651	385	2
651	389	2
651	390	1
652	9	1
652	241	1
652	242	1
652	387	1
652	391	1
652	407	1
652	408	1
652	436	1
653	1061	2
653	1062	2
654	2154	1
654	2155	1
654	2156	1
654	2157	1
654	2158	1
654	2159	1
654	2168	1
654	2169	1
654	2273	1
655	2844	2
656	2737	2
656	2740	1
656	2742	1
656	2743	1
656	2748	1
656	2754	1
656	2766	1
656	2782	1
656	2785	1
656	2787	1
656	2830	1
657	1090	1
657	1091	2
657	1159	1
657	1530	1
658	2066	1
658	2193	2
658	2258	2
659	649	2
660	2840	2
661	2689	2
661	2713	2
661	2717	2
661	2849	2
661	2869	2
661	2934	2
661	2937	2
662	2676	1
662	2840	1
662	2913	1
663	2742	2
663	2743	2
663	2831	2
664	1206	2
664	1441	2
665	143	1
665	144	1
665	145	1
665	207	1
665	395	1
665	410	1
665	420	1
666	243	1
666	385	1
666	403	1
666	410	1
666	414	1
666	422	1
667	1206	1
667	1352	1
667	1363	1
668	1014	1
668	1023	1
668	1028	1
668	1030	1
668	1062	1
668	1119	1
668	1208	1
668	1230	1
668	1752	1
668	1829	1
669	2662	1
669	2666	2
669	2670	1
669	2879	1
669	2905	1
669	2941	2
670	1940	2
671	294	1
671	300	1
671	304	1
671	305	1
671	306	1
671	307	1
671	308	1
671	313	1
671	316	1
671	319	1
671	321	1
671	327	1
671	331	1
671	332	1
671	336	1
671	337	1
671	338	1
671	344	1
671	350	1
672	1099	1
672	1105	1
672	1119	1
672	1285	1
672	1718	1
672	2689	1
672	2713	1
672	2937	1
673	1132	1
673	1184	1
673	1215	1
673	1277	1
673	1941	1
673	2669	1
673	2684	1
673	2934	1
674	2687	2
675	2696	1
675	2722	1
675	2723	1
675	2794	1
675	2855	1
675	2876	1
675	2885	1
675	2886	1
675	2887	1
675	2889	1
675	2898	1
676	1081	2
676	1082	1
676	1497	1
676	1652	2
677	2343	2
678	2847	2
679	2669	2
679	2700	1
679	2706	1
679	2709	1
679	2905	1
680	2083	1
680	2087	1
680	2088	2
681	1582	2
681	1583	2
681	1587	2
681	1600	2
682	2887	2
683	1091	2
683	1158	2
683	1275	1
683	1374	1
683	1530	2
684	2239	2
685	2325	2
686	2677	2
687	2696	1
687	2847	2
688	1985	2
689	2284	1
689	2376	1
689	2382	2
689	2389	2
689	2398	1
689	2400	1
689	2519	1
689	2520	1
689	2556	1
689	2593	1
690	2805	2
691	1064	2
691	1718	1
692	2741	1
692	2797	1
692	2798	1
692	2799	1
692	2800	1
692	2804	1
692	2809	1
693	2649	2
693	2882	2
694	649	1
694	982	1
695	1982	1
695	1983	1
696	1982	1
696	1983	1
697	2661	1
697	2893	1
697	2894	1
697	2895	1
698	1095	2
698	1150	1
698	1151	1
698	1245	1
698	1246	2
698	1254	1
698	1258	1
698	1259	1
699	1107	1
699	1213	2
700	411	1
700	1097	1
700	1099	1
700	1100	1
700	1131	1
700	1132	1
700	1141	1
700	1160	1
700	1186	1
700	1208	1
700	1230	1
700	1241	1
700	1263	1
700	1284	1
700	1285	1
700	1297	1
700	1308	1
700	1485	1
700	1718	2
700	1829	1
701	1119	2
701	1131	1
701	1175	2
701	1186	1
701	1940	1
702	2640	1
702	2669	1
702	2867	1
702	2901	1
702	2903	1
702	2904	1
702	2907	1
702	2940	1
703	1101	1
703	1130	1
703	1161	1
703	1245	2
703	1249	1
703	1260	1
703	1266	1
704	2157	2
704	2183	2
705	1064	1
705	1519	1
705	1563	1
705	1630	2
705	1707	1
705	1718	1
706	84	2
706	144	2
706	395	2
706	410	1
706	422	1
707	2657	2
707	2913	2
708	1081	2
708	1127	1
709	615	1
709	623	1
709	624	1
709	625	1
709	629	1
709	633	1
709	634	1
709	635	1
709	639	1
709	643	1
709	644	1
709	666	1
709	667	1
710	2719	2
710	2868	1
711	2689	2
711	2713	2
711	2715	2
711	2717	2
711	2849	2
711	2869	2
711	2870	1
711	2874	1
711	2877	1
711	2879	1
711	2881	1
711	2934	2
711	2936	2
711	2937	2
712	2761	2
712	2889	2
713	2385	1
713	2429	2
713	2478	1
713	2479	2
713	2484	1
713	2485	1
713	2525	1
714	1625	2
715	1385	1
715	1674	1
715	2849	1
715	2876	1
716	2385	1
716	2478	1
716	2479	2
717	530	1
717	532	2
718	1626	2
719	2687	2
719	2731	2
719	2735	2
719	2749	1
719	2760	2
720	2849	2
720	2874	1
721	2689	2
721	2713	2
721	2715	2
721	2717	2
721	2849	2
721	2869	2
721	2934	2
721	2937	2
722	1591	2
722	1592	1
722	1594	1
722	1598	1
723	1095	1
723	1208	1
723	1252	1
723	2210	1
723	2669	1
723	2867	2
723	2879	1
723	2926	1
723	2932	1
724	2653	2
724	2897	2
725	1626	2
726	2193	2
727	10	2
727	87	1
727	88	1
727	218	1
727	247	1
727	346	1
727	401	1
727	402	1
727	2686	2
727	2889	2
728	2837	1
728	2841	1
728	2845	1
728	2897	1
729	2641	2
729	2675	2
729	2927	1
730	2362	2
731	1352	1
731	1363	2
732	921	2
732	925	2
733	2649	1
733	2882	1
733	2919	1
734	1276	2
735	2127	1
735	2249	1
735	2260	1
736	1238	2
737	2805	2
738	2739	1
738	2741	1
738	2743	1
738	2744	1
738	2751	1
738	2753	1
738	2756	1
738	2758	1
738	2760	1
738	2763	1
738	2767	1
738	2770	1
738	2773	1
738	2777	1
738	2779	1
738	2781	1
738	2784	1
738	2793	2
738	2799	1
738	2800	1
738	2810	1
738	2815	1
738	2817	1
738	2826	1
738	2834	1
739	2154	2
740	1206	1
740	1308	1
740	1352	2
740	1363	1
740	1386	1
740	1408	1
740	1419	1
740	1441	1
740	1829	1
741	494	1
741	565	1
741	569	1
741	620	1
741	621	1
741	630	1
741	631	1
741	641	1
741	1046	1
742	2925	2
743	2814	2
744	1016	2
745	84	1
745	143	2
745	391	1
745	395	1
745	414	1
745	417	1
745	419	2
746	454	1
746	458	1
746	528	2
746	532	1
746	601	2
746	602	1
747	1131	1
747	1208	1
747	1308	1
747	1718	1
747	1829	1
748	1079	2
749	2088	2
750	2804	1
750	2808	1
751	1080	1
751	1081	2
751	1127	2
752	1206	2
752	1430	2
752	1463	2
752	1829	2
753	2639	1
753	2684	1
753	2690	1
753	2727	1
753	2738	1
753	2750	1
753	2761	1
753	2838	1
753	2849	1
753	2888	1
753	2889	1
753	2892	1
753	2893	1
753	2909	1
753	2923	1
753	2931	1
753	2937	1
754	1094	1
754	1096	1
754	1301	1
754	1986	2
755	1541	1
756	2068	1
756	2115	1
756	2127	1
756	2230	1
756	2249	1
756	2260	1
757	1206	1
757	1352	1
757	1363	2
757	1397	1
757	1408	1
757	1441	1
757	1829	2
758	2072	2
759	1982	2
760	1611	2
760	1612	1
760	1632	1
761	2762	1
761	2764	1
762	2211	2
762	2214	1
763	1969	2
764	2709	1
764	2892	1
764	2895	1
764	2896	1
765	2037	2
765	2225	1
766	1060	1
766	1108	1
766	1206	1
766	1299	1
766	1319	1
766	1341	1
766	1352	1
766	1363	1
766	1374	1
766	1397	1
766	1430	1
766	1441	1
766	1452	1
766	1463	1
766	1829	1
767	1130	1
767	1141	1
767	2011	1
767	2012	2
768	611	2
768	656	2
768	668	2
768	670	1
768	675	2
768	679	2
768	686	2
768	783	1
769	7	1
769	385	1
769	1014	1
769	1046	1
769	1047	1
770	1292	1
770	1293	1
770	1967	1
770	1969	2
770	1978	1
770	1980	1
771	2744	1
771	2753	1
771	2757	1
771	2762	1
771	2763	1
771	2765	1
771	2767	1
771	2769	1
771	2775	1
771	2779	1
771	2780	1
771	2781	1
771	2784	1
771	2787	1
771	2788	1
771	2790	1
771	2813	1
771	2818	1
771	2819	1
771	2820	1
772	1008	2
772	1009	2
773	1741	1
773	1969	1
774	2722	1
774	2851	1
774	2852	1
774	2853	1
774	2854	1
774	2855	1
774	2856	1
775	2638	1
775	2686	1
775	2687	1
775	2731	1
775	2745	2
776	2934	2
777	2886	1
777	2888	1
777	2894	1
777	2896	1
777	2923	1
778	2064	2
778	2193	1
778	2202	2
778	2203	2
778	2214	2
779	2903	2
780	1046	2
780	1047	1
781	1016	2
782	2900	2
783	2721	1
783	2722	1
783	2847	1
783	2853	1
783	2854	2
783	2855	1
784	631	1
784	665	1
785	2833	1
785	2834	1
785	2835	2
785	2837	1
786	2686	2
786	2746	2
787	2894	1
787	2895	2
788	2805	2
788	2849	2
788	2874	1
788	2875	1
789	2260	2
790	165	1
791	993	2
791	1024	2
792	1969	2
793	2046	1
793	2047	2
793	2263	1
794	2442	2
795	2849	2
795	2874	1
795	2877	1
795	2879	1
795	2881	1
796	2688	2
797	1313	2
797	1321	2
797	1322	2
797	1332	2
797	1686	2
797	1823	2
797	1827	1
797	1839	2
798	2687	1
798	2740	1
798	2742	1
798	2758	1
798	2760	1
798	2763	1
798	2764	1
798	2770	1
798	2773	1
798	2777	1
798	2787	1
798	2793	1
798	2796	1
798	2798	1
798	2820	1
798	2909	1
799	1082	2
800	2657	1
800	2659	1
800	2660	1
800	2666	1
800	2669	1
800	2673	1
800	2872	1
800	2900	1
800	2901	1
800	2902	1
800	2903	1
800	2913	1
800	2914	1
800	2915	1
800	2940	2
801	1214	1
801	1215	2
802	2686	1
802	2731	1
802	2739	1
802	2740	1
802	2764	1
802	2767	1
802	2776	1
802	2777	1
802	2784	1
802	2785	1
802	2786	1
802	2787	1
802	2789	1
802	2790	1
802	2791	1
802	2792	1
802	2793	1
802	2795	2
802	2803	1
802	2820	1
803	1982	2
804	223	2
804	241	2
804	243	1
804	387	1
804	407	1
804	414	1
805	2798	1
805	2799	1
805	2800	1
805	2810	1
806	1035	2
807	2021	1
807	2024	1
807	2037	1
807	2056	1
807	2069	2
807	2072	2
807	2203	1
807	2211	1
807	2217	1
807	2259	1
807	2262	1
807	2276	1
808	2359	1
808	2393	1
808	2401	1
808	2441	1
808	2912	1
809	560	2
810	171	2
810	176	2
811	720	2
811	746	2
811	775	2
811	799	2
811	823	2
811	852	2
811	923	2
811	984	2
812	130	2
812	133	2
812	134	2
812	236	1
813	2849	2
814	2056	1
814	2064	1
814	2066	1
814	2211	1
814	2212	2
814	2241	2
814	2258	1
815	524	1
815	525	1
816	1090	1
816	1091	2
816	1121	1
816	1156	1
817	2337	1
817	2362	1
817	2393	1
817	2396	1
817	2397	1
817	2400	1
817	2419	1
817	2471	1
817	2475	1
818	1059	2
819	2219	1
819	2266	1
819	2641	1
819	2642	1
819	2649	1
819	2671	1
819	2674	1
820	1082	2
820	1266	1
820	1497	1
820	1652	2
820	1718	1
821	2479	2
822	2479	2
823	441	1
823	442	2
823	1049	2
823	1050	1
824	2821	1
824	2835	1
824	2844	1
824	2845	1
825	1102	2
825	1288	1
826	1097	2
826	1292	1
826	1308	2
826	1718	1
826	1829	2
826	2686	1
827	2847	2
828	5	2
828	7	2
828	228	2
828	385	2
828	389	2
828	390	2
829	2031	2
829	2243	1
830	2058	1
830	2193	2
830	2203	2
830	2204	1
830	2206	1
831	639	2
831	644	1
831	1211	2
831	1459	2
831	1470	1
832	439	2
833	2021	2
833	2237	1
833	2242	1
834	565	1
834	566	1
834	569	1
834	1014	2
834	1042	1
834	1045	1
834	1046	1
834	1047	1
835	1561	1
835	1562	1
835	1564	2
835	1566	1
835	1568	2
835	1579	2
835	1743	2
836	251	2
837	160	2
838	2875	2
839	2195	2
839	2260	2
840	1077	1
840	1082	1
840	1237	1
840	1308	1
840	1519	1
840	1530	1
840	1541	1
840	1563	1
840	1608	1
840	1619	1
840	1641	1
840	1707	2
840	1719	2
841	2382	2
842	2644	2
842	2713	1
842	2714	2
842	2849	1
842	2861	2
842	2875	1
842	2877	1
842	2934	1
843	475	1
843	476	1
843	893	1
843	901	1
843	910	2
843	933	1
843	1046	1
843	1047	1
844	2398	1
844	2439	1
844	2505	1
844	2520	1
844	2571	1
844	2581	1
845	444	2
845	445	2
845	452	1
846	2550	2
847	2057	2
847	2058	1
847	2155	2
847	2156	1
847	2184	1
847	2595	1
848	1077	2
848	1082	1
848	1719	2
848	1741	1
849	2796	2
850	1148	2
851	2805	2
852	1869	2
853	2882	2
854	2815	1
854	2817	1
854	2819	1
855	450	2
856	1046	2
857	67	2
857	430	1
858	2356	1
858	2398	1
858	2402	1
858	2403	1
858	2604	1
859	1	1
859	385	2
860	2894	2
860	2895	2
861	2877	2
862	2716	1
862	2727	1
862	2772	1
862	2886	1
862	2923	1
862	2924	2
862	2931	1
863	2801	2
863	2804	2
864	2721	2
865	2691	1
865	2794	1
865	2876	1
865	2887	2
866	668	1
866	671	2
866	679	1
866	682	2
867	2639	1
867	2672	1
867	2683	1
867	2705	1
867	2716	1
867	2738	1
867	2783	1
867	2794	1
867	2838	1
867	2849	1
867	2888	1
867	2923	1
867	2924	1
867	2925	1
868	1563	1
868	1741	1
869	1103	1
869	1562	1
869	1564	1
869	1565	1
869	1566	1
869	1567	1
869	1568	1
869	1569	1
869	1570	1
869	1571	1
869	1572	1
869	1573	1
869	1575	1
869	1576	1
869	1579	1
869	1616	1
869	1743	1
869	1961	1
870	134	2
871	2231	1
871	2650	1
871	2761	1
871	2888	1
871	2892	1
871	2893	1
871	2894	1
871	2895	1
871	2896	1
872	621	2
872	622	1
872	624	1
872	631	2
872	632	1
872	634	1
872	641	2
872	642	1
872	644	1
872	665	1
873	1073	1
873	1074	1
873	1076	1
873	1741	1
874	84	1
874	143	1
874	395	2
875	1073	1
875	1074	1
875	1719	2
876	10	2
876	346	1
877	1414	1
877	1561	1
877	1566	1
877	1572	1
877	2686	1
877	2734	1
878	1057	2
878	1059	1
878	1497	1
878	1707	1
879	1060	2
879	1062	2
879	1071	1
879	1097	2
879	1119	2
879	1131	2
879	1132	2
879	1136	2
879	1181	1
879	1192	1
879	1210	2
879	1285	2
879	1294	2
879	1752	2
879	1852	2
879	1885	2
880	2706	2
880	2939	1
881	503	2
881	506	2
882	2639	1
882	2672	1
882	2681	1
882	2684	1
882	2727	2
882	2750	2
882	2761	1
882	2888	1
882	2911	1
882	2923	1
883	2669	1
883	2683	1
883	2867	1
884	2639	2
884	2650	2
884	2750	1
884	2794	2
884	2888	2
885	2687	2
885	2766	2
886	2193	2
886	2258	1
887	1242	2
888	749	1
888	760	1
888	772	1
888	1021	1
888	1227	1
888	1497	1
888	2672	1
888	2683	1
888	2888	1
888	2908	1
889	2552	2
890	576	2
890	577	2
890	771	2
890	1023	1
891	1058	2
891	1059	2
891	1062	2
891	1252	1
891	1829	2
892	1077	1
892	1173	1
892	1707	1
892	1807	1
892	2647	1
892	2652	1
892	2708	1
892	2783	1
892	2879	1
892	2890	1
892	2906	1
892	2917	1
892	2933	1
893	2687	2
893	2790	2
894	2713	1
894	2874	1
894	2877	1
894	2878	1
895	2874	2
896	2691	1
896	2695	2
897	1061	1
897	1062	1
897	1119	1
897	1152	2
897	1252	1
897	1286	1
897	1294	1
897	1718	2
897	2007	1
898	2687	1
898	2736	1
898	2778	1
898	2780	1
898	2781	1
899	451	1
899	1026	1
899	2879	1
900	2689	2
900	2715	2
900	2717	2
900	2869	2
900	2934	2
901	2639	1
901	2661	1
901	2694	1
901	2750	1
901	2761	1
901	2783	2
901	2888	1
901	2908	1
902	2659	1
902	2660	1
902	2664	1
902	2670	1
902	2900	2
902	2908	1
903	2338	2
903	2503	1
904	2649	1
904	2652	1
904	2653	1
904	2669	2
904	2891	1
904	2899	1
904	2900	1
904	2904	1
904	2916	1
904	2917	1
904	2921	1
905	2639	1
905	2650	1
905	2683	1
905	2838	1
906	1054	1
906	1075	1
906	1092	1
906	1741	1
906	1981	1
906	2031	1
906	2051	1
906	2074	1
906	2104	1
906	2138	1
906	2192	1
906	2221	1
906	2231	1
906	2233	1
906	2234	1
906	2236	1
906	2251	1
906	2266	1
906	2268	1
906	2274	1
907	2193	2
907	2211	1
907	2214	1
908	2193	2
909	1057	1
909	1076	1
909	1707	1
909	1741	1
909	1774	1
909	1807	1
909	1976	1
909	2649	1
909	2683	1
909	2783	1
909	2794	1
909	2885	1
909	2910	1
909	2915	1
909	2917	1
909	2940	1
910	2813	1
910	2814	2
910	2815	1
911	2658	2
911	2659	1
911	2903	2
911	2905	1
911	2907	2
911	2908	1
912	1057	1
912	1058	2
912	2650	1
912	2888	1
912	2916	1
912	2917	1
912	2922	1
913	1087	2
913	1089	2
913	1101	1
913	1198	2
913	1907	1
913	1929	2
914	477	1
914	534	1
914	535	1
914	536	1
914	577	1
914	1014	1
914	1017	1
914	1021	1
914	1022	1
914	1027	1
914	1035	1
914	1036	1
914	1095	1
914	1196	1
914	1940	1
914	2900	2
914	2906	1
915	129	1
916	1294	2
917	2064	2
917	2193	2
917	2202	2
917	2203	2
917	2204	2
917	2211	2
917	2242	1
918	6	1
918	9	2
918	385	2
918	2869	2
918	2870	2
919	1060	2
920	1292	2
920	1308	2
921	1119	1
921	1141	1
921	1175	1
922	1108	1
922	1206	1
922	1308	2
922	1330	1
922	1363	2
922	1441	1
922	1463	1
922	1829	2
923	331	1
923	345	1
923	2057	1
924	1208	1
924	1252	1
924	2689	2
924	2713	2
924	2715	2
924	2717	2
924	2849	2
924	2869	2
924	2874	1
924	2877	1
924	2879	1
924	2934	2
924	2936	1
924	2937	2
925	534	2
926	293	1
926	305	2
927	2251	1
927	2252	1
927	2253	1
928	2690	2
928	2869	1
928	2870	1
928	2890	1
928	2892	2
929	1097	2
929	1308	2
929	1718	2
929	1829	2
930	1940	1
930	2874	1
930	2875	1
930	2877	1
930	2879	1
930	2881	1
931	275	2
932	478	1
932	577	1
932	578	1
932	596	1
932	1022	1
932	1027	1
932	1030	1
932	1132	1
932	1136	1
932	1160	1
932	1197	1
932	1219	1
932	1232	1
932	1285	1
933	1186	1
933	1219	1
933	1230	1
933	1241	1
933	2689	1
933	2715	1
933	2849	1
933	2869	1
933	2936	1
934	2064	2
934	2066	1
934	2193	2
934	2203	2
934	2258	2
934	2261	1
934	2262	2
935	3	1
935	7	1
935	385	1
935	389	1
935	390	1
935	2888	1
936	3	1
936	5	1
936	7	1
936	227	1
936	228	2
936	389	1
937	1191	2
937	1252	1
938	577	2
939	28	1
939	33	1
939	42	1
939	86	1
939	158	1
939	163	1
939	390	1
939	399	1
939	411	1
939	418	1
939	423	1
939	1028	1
940	2366	1
940	2869	1
940	2870	1
940	2900	1
940	2903	1
940	2915	1
941	452	2
941	453	1
942	2673	2
943	7	2
943	385	2
943	389	2
943	390	1
944	9	1
944	241	1
944	242	1
944	387	1
944	391	1
944	407	1
944	408	1
944	436	1
945	1061	2
945	1062	2
946	2154	1
946	2155	1
946	2156	1
946	2157	1
946	2158	1
946	2159	1
946	2168	1
946	2169	1
946	2273	1
947	2844	2
948	2737	2
948	2740	1
948	2742	1
948	2743	1
948	2748	1
948	2754	1
948	2766	1
948	2782	1
948	2785	1
948	2787	1
948	2830	1
949	1090	1
949	1091	2
949	1159	1
949	1530	1
950	2066	1
950	2193	2
950	2258	2
951	649	2
952	2840	2
953	2689	2
953	2713	2
953	2717	2
953	2849	2
953	2869	2
953	2934	2
953	2937	2
954	2676	1
954	2840	1
954	2913	1
955	2742	2
955	2743	2
955	2831	2
956	1206	2
956	1441	2
957	143	1
957	144	1
957	145	1
957	207	1
957	395	1
957	410	1
957	420	1
958	243	1
958	385	1
958	403	1
958	410	1
958	414	1
958	422	1
959	1206	1
959	1352	1
959	1363	1
960	1014	1
960	1023	1
960	1028	1
960	1030	1
960	1062	1
960	1119	1
960	1208	1
960	1230	1
960	1752	1
960	1829	1
961	2662	1
961	2666	2
961	2670	1
961	2879	1
961	2905	1
961	2941	2
962	1940	2
963	294	1
963	300	1
963	304	1
963	305	1
963	306	1
963	307	1
963	308	1
963	313	1
963	316	1
963	319	1
963	321	1
963	327	1
963	331	1
963	332	1
963	336	1
963	337	1
963	338	1
963	344	1
963	350	1
964	1099	1
964	1105	1
964	1119	1
964	1285	1
964	1718	1
964	2689	1
964	2713	1
964	2937	1
965	1132	1
965	1184	1
965	1215	1
965	1277	1
965	1941	1
965	2669	1
965	2684	1
965	2934	1
966	2687	2
967	2696	1
967	2722	1
967	2723	1
967	2794	1
967	2855	1
967	2876	1
967	2885	1
967	2886	1
967	2887	1
967	2889	1
967	2898	1
968	1081	2
968	1082	1
968	1497	1
968	1652	2
969	2343	2
970	2847	2
971	2669	2
971	2700	1
971	2706	1
971	2709	1
971	2905	1
972	2083	1
972	2087	1
972	2088	2
973	1582	2
973	1583	2
973	1587	2
973	1600	2
974	2887	2
975	1091	2
975	1158	2
975	1275	1
975	1374	1
975	1530	2
976	2239	2
977	2325	2
978	2677	2
979	2696	1
979	2847	2
980	1985	2
981	2284	1
981	2376	1
981	2382	2
981	2389	2
981	2398	1
981	2400	1
981	2519	1
981	2520	1
981	2556	1
981	2593	1
982	2805	2
983	1064	2
983	1718	1
984	2741	1
984	2797	1
984	2798	1
984	2799	1
984	2800	1
984	2804	1
984	2809	1
985	2649	2
985	2882	2
986	649	1
986	982	1
987	1982	1
987	1983	1
988	1982	1
988	1983	1
989	2661	1
989	2893	1
989	2894	1
989	2895	1
990	1095	2
990	1150	1
990	1151	1
990	1245	1
990	1246	2
990	1254	1
990	1258	1
990	1259	1
991	1107	1
991	1213	2
992	411	1
992	1097	1
992	1099	1
992	1100	1
992	1131	1
992	1132	1
992	1141	1
992	1160	1
992	1186	1
992	1208	1
992	1230	1
992	1241	1
992	1263	1
992	1284	1
992	1285	1
992	1297	1
992	1308	1
992	1485	1
992	1718	2
992	1829	1
993	1119	2
993	1131	1
993	1175	2
993	1186	1
993	1940	1
994	2640	1
994	2669	1
994	2867	1
994	2901	1
994	2903	1
994	2904	1
994	2907	1
994	2940	1
995	1101	1
995	1130	1
995	1161	1
995	1245	2
995	1249	1
995	1260	1
995	1266	1
996	2157	2
996	2183	2
997	1064	1
997	1519	1
997	1563	1
997	1630	2
997	1707	1
997	1718	1
998	84	2
998	144	2
998	395	2
998	410	1
998	422	1
999	2657	2
999	2913	2
1000	1081	2
1000	1127	1
1001	615	1
1001	623	1
1001	624	1
1001	625	1
1001	629	1
1001	633	1
1001	634	1
1001	635	1
1001	639	1
1001	643	1
1001	644	1
1001	666	1
1001	667	1
1002	2719	2
1002	2868	1
1003	2689	2
1003	2713	2
1003	2715	2
1003	2717	2
1003	2849	2
1003	2869	2
1003	2870	1
1003	2874	1
1003	2877	1
1003	2879	1
1003	2881	1
1003	2934	2
1003	2936	2
1003	2937	2
1004	2761	2
1004	2889	2
1005	2385	1
1005	2429	2
1005	2478	1
1005	2479	2
1005	2484	1
1005	2485	1
1005	2525	1
1006	1625	2
1007	1385	1
1007	1674	1
1007	2849	1
1007	2876	1
1008	2385	1
1008	2478	1
1008	2479	2
1009	530	1
1009	532	2
1010	1626	2
1011	2687	2
1011	2731	2
1011	2735	2
1011	2749	1
1011	2760	2
1012	2849	2
1012	2874	1
1013	2689	2
1013	2713	2
1013	2715	2
1013	2717	2
1013	2849	2
1013	2869	2
1013	2934	2
1013	2937	2
1014	1591	2
1014	1592	1
1014	1594	1
1014	1598	1
1015	1095	1
1015	1208	1
1015	1252	1
1015	2210	1
1015	2669	1
1015	2867	2
1015	2879	1
1015	2926	1
1015	2932	1
1016	2653	2
1016	2897	2
1017	1626	2
1018	2193	2
1019	10	2
1019	87	1
1019	88	1
1019	218	1
1019	247	1
1019	346	1
1019	401	1
1019	402	1
1019	2686	2
1019	2889	2
1020	2837	1
1020	2841	1
1020	2845	1
1020	2897	1
1021	2641	2
1021	2675	2
1021	2927	1
1022	2362	2
1023	1352	1
1023	1363	2
1024	921	2
1024	925	2
1025	2649	1
1025	2882	1
1025	2919	1
1026	1276	2
1027	2127	1
1027	2249	1
1027	2260	1
1028	1238	2
1029	2805	2
1030	2739	1
1030	2741	1
1030	2743	1
1030	2744	1
1030	2751	1
1030	2753	1
1030	2756	1
1030	2758	1
1030	2760	1
1030	2763	1
1030	2767	1
1030	2770	1
1030	2773	1
1030	2777	1
1030	2779	1
1030	2781	1
1030	2784	1
1030	2793	2
1030	2799	1
1030	2800	1
1030	2810	1
1030	2815	1
1030	2817	1
1030	2826	1
1030	2834	1
1031	2154	2
1032	1206	1
1032	1308	1
1032	1352	2
1032	1363	1
1032	1386	1
1032	1408	1
1032	1419	1
1032	1441	1
1032	1829	1
1033	494	1
1033	565	1
1033	569	1
1033	620	1
1033	621	1
1033	630	1
1033	631	1
1033	641	1
1033	1046	1
1034	2925	2
1035	2814	2
1036	1016	2
1037	84	1
1037	143	2
1037	391	1
1037	395	1
1037	414	1
1037	417	1
1037	419	2
1038	454	1
1038	458	1
1038	528	2
1038	532	1
1038	601	2
1038	602	1
1039	1131	1
1039	1208	1
1039	1308	1
1039	1718	1
1039	1829	1
1040	1079	2
1041	2088	2
1042	2804	1
1042	2808	1
1043	1080	1
1043	1081	2
1043	1127	2
1044	1206	2
1044	1430	2
1044	1463	2
1044	1829	2
1045	2639	1
1045	2684	1
1045	2690	1
1045	2727	1
1045	2738	1
1045	2750	1
1045	2761	1
1045	2838	1
1045	2849	1
1045	2888	1
1045	2889	1
1045	2892	1
1045	2893	1
1045	2909	1
1045	2923	1
1045	2931	1
1045	2937	1
1046	1094	1
1046	1096	1
1046	1301	1
1046	1986	2
1047	1541	1
1048	2068	1
1048	2115	1
1048	2127	1
1048	2230	1
1048	2249	1
1048	2260	1
1049	1206	1
1049	1352	1
1049	1363	2
1049	1397	1
1049	1408	1
1049	1441	1
1049	1829	2
1050	2072	2
1051	1982	2
1052	1611	2
1052	1612	1
1052	1632	1
1053	2762	1
1053	2764	1
1054	2211	2
1054	2214	1
1055	1969	2
1056	2709	1
1056	2892	1
1056	2895	1
1056	2896	1
1057	2037	2
1057	2225	1
1058	1060	1
1058	1108	1
1058	1206	1
1058	1299	1
1058	1319	1
1058	1341	1
1058	1352	1
1058	1363	1
1058	1374	1
1058	1397	1
1058	1430	1
1058	1441	1
1058	1452	1
1058	1463	1
1058	1829	1
1059	1130	1
1059	1141	1
1059	2011	1
1059	2012	2
1060	611	2
1060	656	2
1060	668	2
1060	670	1
1060	675	2
1060	679	2
1060	686	2
1060	783	1
1061	7	1
1061	385	1
1061	1014	1
1061	1046	1
1061	1047	1
1062	1292	1
1062	1293	1
1062	1967	1
1062	1969	2
1062	1978	1
1062	1980	1
1063	2744	1
1063	2753	1
1063	2757	1
1063	2762	1
1063	2763	1
1063	2765	1
1063	2767	1
1063	2769	1
1063	2775	1
1063	2779	1
1063	2780	1
1063	2781	1
1063	2784	1
1063	2787	1
1063	2788	1
1063	2790	1
1063	2813	1
1063	2818	1
1063	2819	1
1063	2820	1
1064	1008	2
1064	1009	2
1065	1741	1
1065	1969	1
1066	2722	1
1066	2851	1
1066	2852	1
1066	2853	1
1066	2854	1
1066	2855	1
1066	2856	1
1067	2638	1
1067	2686	1
1067	2687	1
1067	2731	1
1067	2745	2
1068	2934	2
1069	2886	1
1069	2888	1
1069	2894	1
1069	2896	1
1069	2923	1
1070	2064	2
1070	2193	1
1070	2202	2
1070	2203	2
1070	2214	2
1071	2903	2
1072	1046	2
1072	1047	1
1073	1016	2
1074	2900	2
1075	2721	1
1075	2722	1
1075	2847	1
1075	2853	1
1075	2854	2
1075	2855	1
1076	631	1
1076	665	1
1077	2833	1
1077	2834	1
1077	2835	2
1077	2837	1
1078	2686	2
1078	2746	2
1079	2894	1
1079	2895	2
1080	2805	2
1080	2849	2
1080	2874	1
1080	2875	1
1081	2260	2
1082	165	1
1083	993	2
1083	1024	2
1084	1969	2
1085	2046	1
1085	2047	2
1085	2263	1
1086	2442	2
1087	2849	2
1087	2874	1
1087	2877	1
1087	2879	1
1087	2881	1
1088	2688	2
1089	1313	2
1089	1321	2
1089	1322	2
1089	1332	2
1089	1686	2
1089	1823	2
1089	1827	1
1089	1839	2
1090	2687	1
1090	2740	1
1090	2742	1
1090	2758	1
1090	2760	1
1090	2763	1
1090	2764	1
1090	2770	1
1090	2773	1
1090	2777	1
1090	2787	1
1090	2793	1
1090	2796	1
1090	2798	1
1090	2820	1
1090	2909	1
1091	1082	2
1092	2657	1
1092	2659	1
1092	2660	1
1092	2666	1
1092	2669	1
1092	2673	1
1092	2872	1
1092	2900	1
1092	2901	1
1092	2902	1
1092	2903	1
1092	2913	1
1092	2914	1
1092	2915	1
1092	2940	2
1093	1214	1
1093	1215	2
1094	2686	1
1094	2731	1
1094	2739	1
1094	2740	1
1094	2764	1
1094	2767	1
1094	2776	1
1094	2777	1
1094	2784	1
1094	2785	1
1094	2786	1
1094	2787	1
1094	2789	1
1094	2790	1
1094	2791	1
1094	2792	1
1094	2793	1
1094	2795	2
1094	2803	1
1094	2820	1
1095	1982	2
1096	223	2
1096	241	2
1096	243	1
1096	387	1
1096	407	1
1096	414	1
1097	2798	1
1097	2799	1
1097	2800	1
1097	2810	1
1098	1035	2
1099	2021	1
1099	2024	1
1099	2037	1
1099	2056	1
1099	2069	2
1099	2072	2
1099	2203	1
1099	2211	1
1099	2217	1
1099	2259	1
1099	2262	1
1099	2276	1
1100	2359	1
1100	2393	1
1100	2401	1
1100	2441	1
1100	2912	1
1101	560	2
1102	171	2
1102	176	2
1103	720	2
1103	746	2
1103	775	2
1103	799	2
1103	823	2
1103	852	2
1103	923	2
1103	984	2
1104	130	2
1104	133	2
1104	134	2
1104	236	1
1105	2849	2
1106	2056	1
1106	2064	1
1106	2066	1
1106	2211	1
1106	2212	2
1106	2241	2
1106	2258	1
1107	524	1
1107	525	1
1108	1090	1
1108	1091	2
1108	1121	1
1108	1156	1
1109	2337	1
1109	2362	1
1109	2393	1
1109	2396	1
1109	2397	1
1109	2400	1
1109	2419	1
1109	2471	1
1109	2475	1
1110	1059	2
1111	2219	1
1111	2266	1
1111	2641	1
1111	2642	1
1111	2649	1
1111	2671	1
1111	2674	1
1112	1082	2
1112	1266	1
1112	1497	1
1112	1652	2
1112	1718	1
1113	2479	2
1114	2479	2
1115	441	1
1115	442	2
1115	1049	2
1115	1050	1
1116	2821	1
1116	2835	1
1116	2844	1
1116	2845	1
1117	1102	2
1117	1288	1
1118	1097	2
1118	1292	1
1118	1308	2
1118	1718	1
1118	1829	2
1118	2686	1
1119	2847	2
1120	5	2
1120	7	2
1120	228	2
1120	385	2
1120	389	2
1120	390	2
1121	2031	2
1121	2243	1
1122	2058	1
1122	2193	2
1122	2203	2
1122	2204	1
1122	2206	1
1123	639	2
1123	644	1
1123	1211	2
1123	1459	2
1123	1470	1
1124	439	2
1125	2021	2
1125	2237	1
1125	2242	1
1126	565	1
1126	566	1
1126	569	1
1126	1014	2
1126	1042	1
1126	1045	1
1126	1046	1
1126	1047	1
1127	1561	1
1127	1562	1
1127	1564	2
1127	1566	1
1127	1568	2
1127	1579	2
1127	1743	2
1128	251	2
1129	160	2
1130	2875	2
1131	2195	2
1131	2260	2
1132	1077	1
1132	1082	1
1132	1237	1
1132	1308	1
1132	1519	1
1132	1530	1
1132	1541	1
1132	1563	1
1132	1608	1
1132	1619	1
1132	1641	1
1132	1707	2
1132	1719	2
1133	2382	2
1134	2644	2
1134	2713	1
1134	2714	2
1134	2849	1
1134	2861	2
1134	2875	1
1134	2877	1
1134	2934	1
1135	475	1
1135	476	1
1135	893	1
1135	901	1
1135	910	2
1135	933	1
1135	1046	1
1135	1047	1
1136	2398	1
1136	2439	1
1136	2505	1
1136	2520	1
1136	2571	1
1136	2581	1
1137	444	2
1137	445	2
1137	452	1
1138	2550	2
1139	2057	2
1139	2058	1
1139	2155	2
1139	2156	1
1139	2184	1
1139	2595	1
1140	1077	2
1140	1082	1
1140	1719	2
1140	1741	1
1141	2796	2
1142	1148	2
1143	2805	2
1144	1869	2
1145	2882	2
1146	2815	1
1146	2817	1
1146	2819	1
1147	450	2
1148	1046	2
1149	67	2
1149	430	1
1150	2356	1
1150	2398	1
1150	2402	1
1150	2403	1
1150	2604	1
1151	1	1
1151	385	2
1152	2894	2
1152	2895	2
1153	2877	2
1154	2716	1
1154	2727	1
1154	2772	1
1154	2886	1
1154	2923	1
1154	2924	2
1154	2931	1
1155	2801	2
1155	2804	2
1156	2721	2
1157	2691	1
1157	2794	1
1157	2876	1
1157	2887	2
1158	668	1
1158	671	2
1158	679	1
1158	682	2
1159	2639	1
1159	2672	1
1159	2683	1
1159	2705	1
1159	2716	1
1159	2738	1
1159	2783	1
1159	2794	1
1159	2838	1
1159	2849	1
1159	2888	1
1159	2923	1
1159	2924	1
1159	2925	1
1160	1563	1
1160	1741	1
1161	1103	1
1161	1562	1
1161	1564	1
1161	1565	1
1161	1566	1
1161	1567	1
1161	1568	1
1161	1569	1
1161	1570	1
1161	1571	1
1161	1572	1
1161	1573	1
1161	1575	1
1161	1576	1
1161	1579	1
1161	1616	1
1161	1743	1
1161	1961	1
1162	134	2
1163	2231	1
1163	2650	1
1163	2761	1
1163	2888	1
1163	2892	1
1163	2893	1
1163	2894	1
1163	2895	1
1163	2896	1
1164	621	2
1164	622	1
1164	624	1
1164	631	2
1164	632	1
1164	634	1
1164	641	2
1164	642	1
1164	644	1
1164	665	1
1165	1073	1
1165	1074	1
1165	1076	1
1165	1741	1
1166	84	1
1166	143	1
1166	395	2
1167	1073	1
1167	1074	1
1167	1719	2
1168	10	2
1168	346	1
1169	1414	1
1169	1561	1
1169	1566	1
1169	1572	1
1169	2686	1
1169	2734	1
1170	1057	2
1170	1059	1
1170	1497	1
1170	1707	1
1171	1060	2
1171	1062	2
1171	1071	1
1171	1097	2
1171	1119	2
1171	1131	2
1171	1132	2
1171	1136	2
1171	1181	1
1171	1192	1
1171	1210	2
1171	1285	2
1171	1294	2
1171	1752	2
1171	1852	2
1171	1885	2
1172	2706	2
1172	2939	1
1173	503	2
1173	506	2
1174	2639	1
1174	2672	1
1174	2681	1
1174	2684	1
1174	2727	2
1174	2750	2
1174	2761	1
1174	2888	1
1174	2911	1
1174	2923	1
1175	2669	1
1175	2683	1
1175	2867	1
1176	2639	2
1176	2650	2
1176	2750	1
1176	2794	2
1176	2888	2
1177	2687	2
1177	2766	2
1178	2193	2
1178	2258	1
1179	1242	2
1180	749	1
1180	760	1
1180	772	1
1180	1021	1
1180	1227	1
1180	1497	1
1180	2672	1
1180	2683	1
1180	2888	1
1180	2908	1
1181	2552	2
1182	576	2
1182	577	2
1182	771	2
1182	1023	1
1183	1058	2
1183	1059	2
1183	1062	2
1183	1252	1
1183	1829	2
1184	1077	1
1184	1173	1
1184	1707	1
1184	1807	1
1184	2647	1
1184	2652	1
1184	2708	1
1184	2783	1
1184	2879	1
1184	2890	1
1184	2906	1
1184	2917	1
1184	2933	1
1185	2687	2
1185	2790	2
1186	2713	1
1186	2874	1
1186	2877	1
1186	2878	1
1187	2874	2
1188	2691	1
1188	2695	2
1189	1061	1
1189	1062	1
1189	1119	1
1189	1152	2
1189	1252	1
1189	1286	1
1189	1294	1
1189	1718	2
1189	2007	1
1190	2687	1
1190	2736	1
1190	2778	1
1190	2780	1
1190	2781	1
1191	451	1
1191	1026	1
1191	2879	1
1192	2689	2
1192	2715	2
1192	2717	2
1192	2869	2
1192	2934	2
1193	2639	1
1193	2661	1
1193	2694	1
1193	2750	1
1193	2761	1
1193	2783	2
1193	2888	1
1193	2908	1
1194	2659	1
1194	2660	1
1194	2664	1
1194	2670	1
1194	2900	2
1194	2908	1
1195	2338	2
1195	2503	1
1196	2649	1
1196	2652	1
1196	2653	1
1196	2669	2
1196	2891	1
1196	2899	1
1196	2900	1
1196	2904	1
1196	2916	1
1196	2917	1
1196	2921	1
1197	2639	1
1197	2650	1
1197	2683	1
1197	2838	1
1198	1054	1
1198	1075	1
1198	1092	1
1198	1741	1
1198	1981	1
1198	2031	1
1198	2051	1
1198	2074	1
1198	2104	1
1198	2138	1
1198	2192	1
1198	2221	1
1198	2231	1
1198	2233	1
1198	2234	1
1198	2236	1
1198	2251	1
1198	2266	1
1198	2268	1
1198	2274	1
1199	2193	2
1199	2211	1
1199	2214	1
1200	2193	2
1201	1057	1
1201	1076	1
1201	1707	1
1201	1741	1
1201	1774	1
1201	1807	1
1201	1976	1
1201	2649	1
1201	2683	1
1201	2783	1
1201	2794	1
1201	2885	1
1201	2910	1
1201	2915	1
1201	2917	1
1201	2940	1
1202	2813	1
1202	2814	2
1202	2815	1
1203	2658	2
1203	2659	1
1203	2903	2
1203	2905	1
1203	2907	2
1203	2908	1
1204	1057	1
1204	1058	2
1204	2650	1
1204	2888	1
1204	2916	1
1204	2917	1
1204	2922	1
1205	1087	2
1205	1089	2
1205	1101	1
1205	1198	2
1205	1907	1
1205	1929	2
1206	477	1
1206	534	1
1206	535	1
1206	536	1
1206	577	1
1206	1014	1
1206	1017	1
1206	1021	1
1206	1022	1
1206	1027	1
1206	1035	1
1206	1036	1
1206	1095	1
1206	1196	1
1206	1940	1
1206	2900	2
1206	2906	1
1207	129	1
1208	1294	2
1209	2064	2
1209	2193	2
1209	2202	2
1209	2203	2
1209	2204	2
1209	2211	2
1209	2242	1
1210	6	1
1210	9	2
1210	385	2
1210	2869	2
1210	2870	2
1211	1060	2
1212	1292	2
1212	1308	2
1213	1119	1
1213	1141	1
1213	1175	1
1214	1108	1
1214	1206	1
1214	1308	2
1214	1330	1
1214	1363	2
1214	1441	1
1214	1463	1
1214	1829	2
1215	331	1
1215	345	1
1215	2057	1
1216	1208	1
1216	1252	1
1216	2689	2
1216	2713	2
1216	2715	2
1216	2717	2
1216	2849	2
1216	2869	2
1216	2874	1
1216	2877	1
1216	2879	1
1216	2934	2
1216	2936	1
1216	2937	2
1217	534	2
1218	293	1
1218	305	2
1219	2251	1
1219	2252	1
1219	2253	1
1220	2690	2
1220	2869	1
1220	2870	1
1220	2890	1
1220	2892	2
1221	1097	2
1221	1308	2
1221	1718	2
1221	1829	2
1222	1940	1
1222	2874	1
1222	2875	1
1222	2877	1
1222	2879	1
1222	2881	1
1223	275	2
1224	478	1
1224	577	1
1224	578	1
1224	596	1
1224	1022	1
1224	1027	1
1224	1030	1
1224	1132	1
1224	1136	1
1224	1160	1
1224	1197	1
1224	1219	1
1224	1232	1
1224	1285	1
1225	1186	1
1225	1219	1
1225	1230	1
1225	1241	1
1225	2689	1
1225	2715	1
1225	2849	1
1225	2869	1
1225	2936	1
1226	2064	2
1226	2066	1
1226	2193	2
1226	2203	2
1226	2258	2
1226	2261	1
1226	2262	2
1227	3	1
1227	7	1
1227	385	1
1227	389	1
1227	390	1
1227	2888	1
1228	3	1
1228	5	1
1228	7	1
1228	227	1
1228	228	2
1228	389	1
1229	1191	2
1229	1252	1
1230	577	2
1231	28	1
1231	33	1
1231	42	1
1231	86	1
1231	158	1
1231	163	1
1231	390	1
1231	399	1
1231	411	1
1231	418	1
1231	423	1
1231	1028	1
1232	2366	1
1232	2869	1
1232	2870	1
1232	2900	1
1232	2903	1
1232	2915	1
1233	452	2
1233	453	1
1234	2673	2
1235	7	2
1235	385	2
1235	389	2
1235	390	1
1236	9	1
1236	241	1
1236	242	1
1236	387	1
1236	391	1
1236	407	1
1236	408	1
1236	436	1
1237	1061	2
1237	1062	2
1238	2154	1
1238	2155	1
1238	2156	1
1238	2157	1
1238	2158	1
1238	2159	1
1238	2168	1
1238	2169	1
1238	2273	1
1239	2844	2
1240	2737	2
1240	2740	1
1240	2742	1
1240	2743	1
1240	2748	1
1240	2754	1
1240	2766	1
1240	2782	1
1240	2785	1
1240	2787	1
1240	2830	1
1241	1090	1
1241	1091	2
1241	1159	1
1241	1530	1
1242	2066	1
1242	2193	2
1242	2258	2
1243	649	2
1244	2840	2
1245	2689	2
1245	2713	2
1245	2717	2
1245	2849	2
1245	2869	2
1245	2934	2
1245	2937	2
1246	2676	1
1246	2840	1
1246	2913	1
1247	2742	2
1247	2743	2
1247	2831	2
1248	1206	2
1248	1441	2
1249	143	1
1249	144	1
1249	145	1
1249	207	1
1249	395	1
1249	410	1
1249	420	1
1250	243	1
1250	385	1
1250	403	1
1250	410	1
1250	414	1
1250	422	1
1251	1206	1
1251	1352	1
1251	1363	1
1252	1014	1
1252	1023	1
1252	1028	1
1252	1030	1
1252	1062	1
1252	1119	1
1252	1208	1
1252	1230	1
1252	1752	1
1252	1829	1
1253	2662	1
1253	2666	2
1253	2670	1
1253	2879	1
1253	2905	1
1253	2941	2
1254	1940	2
1255	294	1
1255	300	1
1255	304	1
1255	305	1
1255	306	1
1255	307	1
1255	308	1
1255	313	1
1255	316	1
1255	319	1
1255	321	1
1255	327	1
1255	331	1
1255	332	1
1255	336	1
1255	337	1
1255	338	1
1255	344	1
1255	350	1
1256	1099	1
1256	1105	1
1256	1119	1
1256	1285	1
1256	1718	1
1256	2689	1
1256	2713	1
1256	2937	1
1257	1132	1
1257	1184	1
1257	1215	1
1257	1277	1
1257	1941	1
1257	2669	1
1257	2684	1
1257	2934	1
1258	2687	2
1259	2696	1
1259	2722	1
1259	2723	1
1259	2794	1
1259	2855	1
1259	2876	1
1259	2885	1
1259	2886	1
1259	2887	1
1259	2889	1
1259	2898	1
1260	1081	2
1260	1082	1
1260	1497	1
1260	1652	2
1261	2343	2
1262	2847	2
1263	2669	2
1263	2700	1
1263	2706	1
1263	2709	1
1263	2905	1
1264	2083	1
1264	2087	1
1264	2088	2
1265	1582	2
1265	1583	2
1265	1587	2
1265	1600	2
1266	2887	2
1267	1091	2
1267	1158	2
1267	1275	1
1267	1374	1
1267	1530	2
1268	2239	2
1269	2325	2
1270	2677	2
1271	2696	1
1271	2847	2
1272	1985	2
1273	2284	1
1273	2376	1
1273	2382	2
1273	2389	2
1273	2398	1
1273	2400	1
1273	2519	1
1273	2520	1
1273	2556	1
1273	2593	1
1274	2805	2
1275	1064	2
1275	1718	1
1276	2741	1
1276	2797	1
1276	2798	1
1276	2799	1
1276	2800	1
1276	2804	1
1276	2809	1
1277	2649	2
1277	2882	2
1278	649	1
1278	982	1
1279	1982	1
1279	1983	1
1280	1982	1
1280	1983	1
1281	2661	1
1281	2893	1
1281	2894	1
1281	2895	1
1282	1095	2
1282	1150	1
1282	1151	1
1282	1245	1
1282	1246	2
1282	1254	1
1282	1258	1
1282	1259	1
1283	1107	1
1283	1213	2
1284	411	1
1284	1097	1
1284	1099	1
1284	1100	1
1284	1131	1
1284	1132	1
1284	1141	1
1284	1160	1
1284	1186	1
1284	1208	1
1284	1230	1
1284	1241	1
1284	1263	1
1284	1284	1
1284	1285	1
1284	1297	1
1284	1308	1
1284	1485	1
1284	1718	2
1284	1829	1
1285	1119	2
1285	1131	1
1285	1175	2
1285	1186	1
1285	1940	1
1286	2640	1
1286	2669	1
1286	2867	1
1286	2901	1
1286	2903	1
1286	2904	1
1286	2907	1
1286	2940	1
1287	1101	1
1287	1130	1
1287	1161	1
1287	1245	2
1287	1249	1
1287	1260	1
1287	1266	1
1288	2157	2
1288	2183	2
1289	1064	1
1289	1519	1
1289	1563	1
1289	1630	2
1289	1707	1
1289	1718	1
1290	84	2
1290	144	2
1290	395	2
1290	410	1
1290	422	1
1291	2657	2
1291	2913	2
1292	1081	2
1292	1127	1
1293	615	1
1293	623	1
1293	624	1
1293	625	1
1293	629	1
1293	633	1
1293	634	1
1293	635	1
1293	639	1
1293	643	1
1293	644	1
1293	666	1
1293	667	1
1294	2719	2
1294	2868	1
1295	2689	2
1295	2713	2
1295	2715	2
1295	2717	2
1295	2849	2
1295	2869	2
1295	2870	1
1295	2874	1
1295	2877	1
1295	2879	1
1295	2881	1
1295	2934	2
1295	2936	2
1295	2937	2
1296	2761	2
1296	2889	2
1297	2385	1
1297	2429	2
1297	2478	1
1297	2479	2
1297	2484	1
1297	2485	1
1297	2525	1
1298	1625	2
1299	1385	1
1299	1674	1
1299	2849	1
1299	2876	1
1300	2385	1
1300	2478	1
1300	2479	2
1301	530	1
1301	532	2
1302	1626	2
1303	2687	2
1303	2731	2
1303	2735	2
1303	2749	1
1303	2760	2
1304	2849	2
1304	2874	1
1305	2689	2
1305	2713	2
1305	2715	2
1305	2717	2
1305	2849	2
1305	2869	2
1305	2934	2
1305	2937	2
1306	1591	2
1306	1592	1
1306	1594	1
1306	1598	1
1307	1095	1
1307	1208	1
1307	1252	1
1307	2210	1
1307	2669	1
1307	2867	2
1307	2879	1
1307	2926	1
1307	2932	1
1308	2653	2
1308	2897	2
1309	1626	2
1310	2193	2
1311	10	2
1311	87	1
1311	88	1
1311	218	1
1311	247	1
1311	346	1
1311	401	1
1311	402	1
1311	2686	2
1311	2889	2
1312	2837	1
1312	2841	1
1312	2845	1
1312	2897	1
1313	2641	2
1313	2675	2
1313	2927	1
1314	2362	2
1315	1352	1
1315	1363	2
1316	921	2
1316	925	2
1317	2649	1
1317	2882	1
1317	2919	1
1318	1276	2
1319	2127	1
1319	2249	1
1319	2260	1
1320	1238	2
1321	2805	2
1322	2739	1
1322	2741	1
1322	2743	1
1322	2744	1
1322	2751	1
1322	2753	1
1322	2756	1
1322	2758	1
1322	2760	1
1322	2763	1
1322	2767	1
1322	2770	1
1322	2773	1
1322	2777	1
1322	2779	1
1322	2781	1
1322	2784	1
1322	2793	2
1322	2799	1
1322	2800	1
1322	2810	1
1322	2815	1
1322	2817	1
1322	2826	1
1322	2834	1
1323	2154	2
1324	1206	1
1324	1308	1
1324	1352	2
1324	1363	1
1324	1386	1
1324	1408	1
1324	1419	1
1324	1441	1
1324	1829	1
1325	494	1
1325	565	1
1325	569	1
1325	620	1
1325	621	1
1325	630	1
1325	631	1
1325	641	1
1325	1046	1
1326	2925	2
1327	2814	2
1328	1016	2
1329	84	1
1329	143	2
1329	391	1
1329	395	1
1329	414	1
1329	417	1
1329	419	2
1330	454	1
1330	458	1
1330	528	2
1330	532	1
1330	601	2
1330	602	1
1331	1131	1
1331	1208	1
1331	1308	1
1331	1718	1
1331	1829	1
1332	1079	2
1333	2088	2
1334	2804	1
1334	2808	1
1335	1080	1
1335	1081	2
1335	1127	2
1336	1206	2
1336	1430	2
1336	1463	2
1336	1829	2
1337	2639	1
1337	2684	1
1337	2690	1
1337	2727	1
1337	2738	1
1337	2750	1
1337	2761	1
1337	2838	1
1337	2849	1
1337	2888	1
1337	2889	1
1337	2892	1
1337	2893	1
1337	2909	1
1337	2923	1
1337	2931	1
1337	2937	1
1338	1094	1
1338	1096	1
1338	1301	1
1338	1986	2
1339	1541	1
1340	2068	1
1340	2115	1
1340	2127	1
1340	2230	1
1340	2249	1
1340	2260	1
1341	1206	1
1341	1352	1
1341	1363	2
1341	1397	1
1341	1408	1
1341	1441	1
1341	1829	2
1342	2072	2
1343	1982	2
1344	1611	2
1344	1612	1
1344	1632	1
1345	2762	1
1345	2764	1
1346	2211	2
1346	2214	1
1347	1969	2
1348	2709	1
1348	2892	1
1348	2895	1
1348	2896	1
1349	2037	2
1349	2225	1
1350	1060	1
1350	1108	1
1350	1206	1
1350	1299	1
1350	1319	1
1350	1341	1
1350	1352	1
1350	1363	1
1350	1374	1
1350	1397	1
1350	1430	1
1350	1441	1
1350	1452	1
1350	1463	1
1350	1829	1
1351	1130	1
1351	1141	1
1351	2011	1
1351	2012	2
1352	611	2
1352	656	2
1352	668	2
1352	670	1
1352	675	2
1352	679	2
1352	686	2
1352	783	1
1353	7	1
1353	385	1
1353	1014	1
1353	1046	1
1353	1047	1
1354	1292	1
1354	1293	1
1354	1967	1
1354	1969	2
1354	1978	1
1354	1980	1
1355	2744	1
1355	2753	1
1355	2757	1
1355	2762	1
1355	2763	1
1355	2765	1
1355	2767	1
1355	2769	1
1355	2775	1
1355	2779	1
1355	2780	1
1355	2781	1
1355	2784	1
1355	2787	1
1355	2788	1
1355	2790	1
1355	2813	1
1355	2818	1
1355	2819	1
1355	2820	1
1356	1008	2
1356	1009	2
1357	1741	1
1357	1969	1
1358	2722	1
1358	2851	1
1358	2852	1
1358	2853	1
1358	2854	1
1358	2855	1
1358	2856	1
1359	2638	1
1359	2686	1
1359	2687	1
1359	2731	1
1359	2745	2
1360	2934	2
1361	2886	1
1361	2888	1
1361	2894	1
1361	2896	1
1361	2923	1
1362	2064	2
1362	2193	1
1362	2202	2
1362	2203	2
1362	2214	2
1363	2903	2
1364	1046	2
1364	1047	1
1365	1016	2
1366	2900	2
1367	2721	1
1367	2722	1
1367	2847	1
1367	2853	1
1367	2854	2
1367	2855	1
1368	631	1
1368	665	1
1369	2833	1
1369	2834	1
1369	2835	2
1369	2837	1
1370	2686	2
1370	2746	2
1371	2894	1
1371	2895	2
1372	2805	2
1372	2849	2
1372	2874	1
1372	2875	1
1373	2260	2
1374	165	1
1375	993	2
1375	1024	2
1376	1969	2
1377	2046	1
1377	2047	2
1377	2263	1
1378	2442	2
1379	2849	2
1379	2874	1
1379	2877	1
1379	2879	1
1379	2881	1
1380	2688	2
1381	1313	2
1381	1321	2
1381	1322	2
1381	1332	2
1381	1686	2
1381	1823	2
1381	1827	1
1381	1839	2
1382	2687	1
1382	2740	1
1382	2742	1
1382	2758	1
1382	2760	1
1382	2763	1
1382	2764	1
1382	2770	1
1382	2773	1
1382	2777	1
1382	2787	1
1382	2793	1
1382	2796	1
1382	2798	1
1382	2820	1
1382	2909	1
1383	1082	2
1384	2657	1
1384	2659	1
1384	2660	1
1384	2666	1
1384	2669	1
1384	2673	1
1384	2872	1
1384	2900	1
1384	2901	1
1384	2902	1
1384	2903	1
1384	2913	1
1384	2914	1
1384	2915	1
1384	2940	2
1385	1214	1
1385	1215	2
1386	2686	1
1386	2731	1
1386	2739	1
1386	2740	1
1386	2764	1
1386	2767	1
1386	2776	1
1386	2777	1
1386	2784	1
1386	2785	1
1386	2786	1
1386	2787	1
1386	2789	1
1386	2790	1
1386	2791	1
1386	2792	1
1386	2793	1
1386	2795	2
1386	2803	1
1386	2820	1
1387	1982	2
1388	223	2
1388	241	2
1388	243	1
1388	387	1
1388	407	1
1388	414	1
1389	2798	1
1389	2799	1
1389	2800	1
1389	2810	1
1390	1035	2
1391	2021	1
1391	2024	1
1391	2037	1
1391	2056	1
1391	2069	2
1391	2072	2
1391	2203	1
1391	2211	1
1391	2217	1
1391	2259	1
1391	2262	1
1391	2276	1
1392	2359	1
1392	2393	1
1392	2401	1
1392	2441	1
1392	2912	1
1393	560	2
1394	171	2
1394	176	2
1395	720	2
1395	746	2
1395	775	2
1395	799	2
1395	823	2
1395	852	2
1395	923	2
1395	984	2
1396	130	2
1396	133	2
1396	134	2
1396	236	1
1397	2849	2
1398	2056	1
1398	2064	1
1398	2066	1
1398	2211	1
1398	2212	2
1398	2241	2
1398	2258	1
1399	524	1
1399	525	1
1400	1090	1
1400	1091	2
1400	1121	1
1400	1156	1
1401	2337	1
1401	2362	1
1401	2393	1
1401	2396	1
1401	2397	1
1401	2400	1
1401	2419	1
1401	2471	1
1401	2475	1
1402	1059	2
1403	2219	1
1403	2266	1
1403	2641	1
1403	2642	1
1403	2649	1
1403	2671	1
1403	2674	1
1404	1082	2
1404	1266	1
1404	1497	1
1404	1652	2
1404	1718	1
1405	2479	2
1406	2479	2
1407	441	1
1407	442	2
1407	1049	2
1407	1050	1
1408	2821	1
1408	2835	1
1408	2844	1
1408	2845	1
1409	1102	2
1409	1288	1
1410	1097	2
1410	1292	1
1410	1308	2
1410	1718	1
1410	1829	2
1410	2686	1
1411	2847	2
1412	5	2
1412	7	2
1412	228	2
1412	385	2
1412	389	2
1412	390	2
1413	2031	2
1413	2243	1
1414	2058	1
1414	2193	2
1414	2203	2
1414	2204	1
1414	2206	1
1415	639	2
1415	644	1
1415	1211	2
1415	1459	2
1415	1470	1
1416	439	2
1417	2021	2
1417	2237	1
1417	2242	1
1418	565	1
1418	566	1
1418	569	1
1418	1014	2
1418	1042	1
1418	1045	1
1418	1046	1
1418	1047	1
1419	1561	1
1419	1562	1
1419	1564	2
1419	1566	1
1419	1568	2
1419	1579	2
1419	1743	2
1420	251	2
1421	160	2
1422	2875	2
1423	2195	2
1423	2260	2
1424	1077	1
1424	1082	1
1424	1237	1
1424	1308	1
1424	1519	1
1424	1530	1
1424	1541	1
1424	1563	1
1424	1608	1
1424	1619	1
1424	1641	1
1424	1707	2
1424	1719	2
1425	2382	2
1426	2644	2
1426	2713	1
1426	2714	2
1426	2849	1
1426	2861	2
1426	2875	1
1426	2877	1
1426	2934	1
1427	475	1
1427	476	1
1427	893	1
1427	901	1
1427	910	2
1427	933	1
1427	1046	1
1427	1047	1
1428	2398	1
1428	2439	1
1428	2505	1
1428	2520	1
1428	2571	1
1428	2581	1
1429	444	2
1429	445	2
1429	452	1
1430	2550	2
1431	2057	2
1431	2058	1
1431	2155	2
1431	2156	1
1431	2184	1
1431	2595	1
1432	1077	2
1432	1082	1
1432	1719	2
1432	1741	1
1433	2796	2
1434	1148	2
1435	2805	2
1436	1869	2
1437	2882	2
1438	2815	1
1438	2817	1
1438	2819	1
1439	450	2
1440	1046	2
1441	67	2
1441	430	1
1442	2356	1
1442	2398	1
1442	2402	1
1442	2403	1
1442	2604	1
1443	1	1
1443	385	2
1444	2894	2
1444	2895	2
1445	2877	2
1446	2716	1
1446	2727	1
1446	2772	1
1446	2886	1
1446	2923	1
1446	2924	2
1446	2931	1
1447	2801	2
1447	2804	2
1448	2721	2
1449	2691	1
1449	2794	1
1449	2876	1
1449	2887	2
1450	668	1
1450	671	2
1450	679	1
1450	682	2
1451	2639	1
1451	2672	1
1451	2683	1
1451	2705	1
1451	2716	1
1451	2738	1
1451	2783	1
1451	2794	1
1451	2838	1
1451	2849	1
1451	2888	1
1451	2923	1
1451	2924	1
1451	2925	1
1452	1563	1
1452	1741	1
1453	1103	1
1453	1562	1
1453	1564	1
1453	1565	1
1453	1566	1
1453	1567	1
1453	1568	1
1453	1569	1
1453	1570	1
1453	1571	1
1453	1572	1
1453	1573	1
1453	1575	1
1453	1576	1
1453	1579	1
1453	1616	1
1453	1743	1
1453	1961	1
1454	134	2
1455	2231	1
1455	2650	1
1455	2761	1
1455	2888	1
1455	2892	1
1455	2893	1
1455	2894	1
1455	2895	1
1455	2896	1
1456	621	2
1456	622	1
1456	624	1
1456	631	2
1456	632	1
1456	634	1
1456	641	2
1456	642	1
1456	644	1
1456	665	1
1457	1073	1
1457	1074	1
1457	1076	1
1457	1741	1
1458	84	1
1458	143	1
1458	395	2
1459	1073	1
1459	1074	1
1459	1719	2
1460	10	2
1460	346	1
1461	1414	1
1461	1561	1
1461	1566	1
1461	1572	1
1461	2686	1
1461	2734	1
1462	1057	2
1462	1059	1
1462	1497	1
1462	1707	1
1463	1060	2
1463	1062	2
1463	1071	1
1463	1097	2
1463	1119	2
1463	1131	2
1463	1132	2
1463	1136	2
1463	1181	1
1463	1192	1
1463	1210	2
1463	1285	2
1463	1294	2
1463	1752	2
1463	1852	2
1463	1885	2
1464	2706	2
1464	2939	1
1465	503	2
1465	506	2
1466	2639	1
1466	2672	1
1466	2681	1
1466	2684	1
1466	2727	2
1466	2750	2
1466	2761	1
1466	2888	1
1466	2911	1
1466	2923	1
1467	2669	1
1467	2683	1
1467	2867	1
1468	2639	2
1468	2650	2
1468	2750	1
1468	2794	2
1468	2888	2
1469	2687	2
1469	2766	2
1470	2193	2
1470	2258	1
1471	1242	2
1472	749	1
1472	760	1
1472	772	1
1472	1021	1
1472	1227	1
1472	1497	1
1472	2672	1
1472	2683	1
1472	2888	1
1472	2908	1
1473	2552	2
1474	576	2
1474	577	2
1474	771	2
1474	1023	1
1475	1058	2
1475	1059	2
1475	1062	2
1475	1252	1
1475	1829	2
1476	1077	1
1476	1173	1
1476	1707	1
1476	1807	1
1476	2647	1
1476	2652	1
1476	2708	1
1476	2783	1
1476	2879	1
1476	2890	1
1476	2906	1
1476	2917	1
1476	2933	1
1477	2687	2
1477	2790	2
1478	2713	1
1478	2874	1
1478	2877	1
1478	2878	1
1479	2874	2
1480	2691	1
1480	2695	2
1481	1061	1
1481	1062	1
1481	1119	1
1481	1152	2
1481	1252	1
1481	1286	1
1481	1294	1
1481	1718	2
1481	2007	1
1482	2687	1
1482	2736	1
1482	2778	1
1482	2780	1
1482	2781	1
1483	451	1
1483	1026	1
1483	2879	1
1484	2689	2
1484	2715	2
1484	2717	2
1484	2869	2
1484	2934	2
1485	2639	1
1485	2661	1
1485	2694	1
1485	2750	1
1485	2761	1
1485	2783	2
1485	2888	1
1485	2908	1
1486	2659	1
1486	2660	1
1486	2664	1
1486	2670	1
1486	2900	2
1486	2908	1
1487	2338	2
1487	2503	1
1488	2649	1
1488	2652	1
1488	2653	1
1488	2669	2
1488	2891	1
1488	2899	1
1488	2900	1
1488	2904	1
1488	2916	1
1488	2917	1
1488	2921	1
1489	2639	1
1489	2650	1
1489	2683	1
1489	2838	1
1490	1054	1
1490	1075	1
1490	1092	1
1490	1741	1
1490	1981	1
1490	2031	1
1490	2051	1
1490	2074	1
1490	2104	1
1490	2138	1
1490	2192	1
1490	2221	1
1490	2231	1
1490	2233	1
1490	2234	1
1490	2236	1
1490	2251	1
1490	2266	1
1490	2268	1
1490	2274	1
1491	2193	2
1491	2211	1
1491	2214	1
1492	2193	2
1493	1057	1
1493	1076	1
1493	1707	1
1493	1741	1
1493	1774	1
1493	1807	1
1493	1976	1
1493	2649	1
1493	2683	1
1493	2783	1
1493	2794	1
1493	2885	1
1493	2910	1
1493	2915	1
1493	2917	1
1493	2940	1
1494	2813	1
1494	2814	2
1494	2815	1
1495	2658	2
1495	2659	1
1495	2903	2
1495	2905	1
1495	2907	2
1495	2908	1
1496	1057	1
1496	1058	2
1496	2650	1
1496	2888	1
1496	2916	1
1496	2917	1
1496	2922	1
1497	1087	2
1497	1089	2
1497	1101	1
1497	1198	2
1497	1907	1
1497	1929	2
1498	477	1
1498	534	1
1498	535	1
1498	536	1
1498	577	1
1498	1014	1
1498	1017	1
1498	1021	1
1498	1022	1
1498	1027	1
1498	1035	1
1498	1036	1
1498	1095	1
1498	1196	1
1498	1940	1
1498	2900	2
1498	2906	1
1499	129	1
1500	1294	2
1501	2064	2
1501	2193	2
1501	2202	2
1501	2203	2
1501	2204	2
1501	2211	2
1501	2242	1
1502	6	1
1502	9	2
1502	385	2
1502	2869	2
1502	2870	2
1503	1060	2
1504	1292	2
1504	1308	2
1505	1119	1
1505	1141	1
1505	1175	1
1506	1108	1
1506	1206	1
1506	1308	2
1506	1330	1
1506	1363	2
1506	1441	1
1506	1463	1
1506	1829	2
1507	331	1
1507	345	1
1507	2057	1
1508	1208	1
1508	1252	1
1508	2689	2
1508	2713	2
1508	2715	2
1508	2717	2
1508	2849	2
1508	2869	2
1508	2874	1
1508	2877	1
1508	2879	1
1508	2934	2
1508	2936	1
1508	2937	2
1509	534	2
1510	293	1
1510	305	2
1511	2251	1
1511	2252	1
1511	2253	1
1512	2690	2
1512	2869	1
1512	2870	1
1512	2890	1
1512	2892	2
1513	1097	2
1513	1308	2
1513	1718	2
1513	1829	2
1514	1940	1
1514	2874	1
1514	2875	1
1514	2877	1
1514	2879	1
1514	2881	1
1515	275	2
1516	478	1
1516	577	1
1516	578	1
1516	596	1
1516	1022	1
1516	1027	1
1516	1030	1
1516	1132	1
1516	1136	1
1516	1160	1
1516	1197	1
1516	1219	1
1516	1232	1
1516	1285	1
1517	1186	1
1517	1219	1
1517	1230	1
1517	1241	1
1517	2689	1
1517	2715	1
1517	2849	1
1517	2869	1
1517	2936	1
1518	2064	2
1518	2066	1
1518	2193	2
1518	2203	2
1518	2258	2
1518	2261	1
1518	2262	2
1519	3	1
1519	7	1
1519	385	1
1519	389	1
1519	390	1
1519	2888	1
1520	3	1
1520	5	1
1520	7	1
1520	227	1
1520	228	2
1520	389	1
1521	1191	2
1521	1252	1
1522	577	2
1523	28	1
1523	33	1
1523	42	1
1523	86	1
1523	158	1
1523	163	1
1523	390	1
1523	399	1
1523	411	1
1523	418	1
1523	423	1
1523	1028	1
1524	2366	1
1524	2869	1
1524	2870	1
1524	2900	1
1524	2903	1
1524	2915	1
1525	452	2
1525	453	1
1526	2673	2
1527	7	2
1527	385	2
1527	389	2
1527	390	1
1528	9	1
1528	241	1
1528	242	1
1528	387	1
1528	391	1
1528	407	1
1528	408	1
1528	436	1
1529	1061	2
1529	1062	2
1530	2154	1
1530	2155	1
1530	2156	1
1530	2157	1
1530	2158	1
1530	2159	1
1530	2168	1
1530	2169	1
1530	2273	1
1531	2844	2
1532	2737	2
1532	2740	1
1532	2742	1
1532	2743	1
1532	2748	1
1532	2754	1
1532	2766	1
1532	2782	1
1532	2785	1
1532	2787	1
1532	2830	1
1533	1090	1
1533	1091	2
1533	1159	1
1533	1530	1
1534	2066	1
1534	2193	2
1534	2258	2
1535	649	2
1536	2840	2
1537	2689	2
1537	2713	2
1537	2717	2
1537	2849	2
1537	2869	2
1537	2934	2
1537	2937	2
1538	2676	1
1538	2840	1
1538	2913	1
1539	2742	2
1539	2743	2
1539	2831	2
1540	1206	2
1540	1441	2
1541	143	1
1541	144	1
1541	145	1
1541	207	1
1541	395	1
1541	410	1
1541	420	1
1542	243	1
1542	385	1
1542	403	1
1542	410	1
1542	414	1
1542	422	1
1543	1206	1
1543	1352	1
1543	1363	1
1544	1014	1
1544	1023	1
1544	1028	1
1544	1030	1
1544	1062	1
1544	1119	1
1544	1208	1
1544	1230	1
1544	1752	1
1544	1829	1
1545	2662	1
1545	2666	2
1545	2670	1
1545	2879	1
1545	2905	1
1545	2941	2
1546	1940	2
1547	294	1
1547	300	1
1547	304	1
1547	305	1
1547	306	1
1547	307	1
1547	308	1
1547	313	1
1547	316	1
1547	319	1
1547	321	1
1547	327	1
1547	331	1
1547	332	1
1547	336	1
1547	337	1
1547	338	1
1547	344	1
1547	350	1
1548	1099	1
1548	1105	1
1548	1119	1
1548	1285	1
1548	1718	1
1548	2689	1
1548	2713	1
1548	2937	1
1549	1132	1
1549	1184	1
1549	1215	1
1549	1277	1
1549	1941	1
1549	2669	1
1549	2684	1
1549	2934	1
1550	2687	2
1551	2696	1
1551	2722	1
1551	2723	1
1551	2794	1
1551	2855	1
1551	2876	1
1551	2885	1
1551	2886	1
1551	2887	1
1551	2889	1
1551	2898	1
1552	1081	2
1552	1082	1
1552	1497	1
1552	1652	2
1553	2343	2
1554	2847	2
1555	2669	2
1555	2700	1
1555	2706	1
1555	2709	1
1555	2905	1
1556	2083	1
1556	2087	1
1556	2088	2
1557	1582	2
1557	1583	2
1557	1587	2
1557	1600	2
1558	2887	2
1559	1091	2
1559	1158	2
1559	1275	1
1559	1374	1
1559	1530	2
1560	2239	2
1561	2325	2
1562	2677	2
1563	2696	1
1563	2847	2
1564	1985	2
1565	2284	1
1565	2376	1
1565	2382	2
1565	2389	2
1565	2398	1
1565	2400	1
1565	2519	1
1565	2520	1
1565	2556	1
1565	2593	1
1566	2805	2
1567	1064	2
1567	1718	1
1568	2741	1
1568	2797	1
1568	2798	1
1568	2799	1
1568	2800	1
1568	2804	1
1568	2809	1
1569	2649	2
1569	2882	2
1570	649	1
1570	982	1
1571	1982	1
1571	1983	1
1572	1982	1
1572	1983	1
1573	2661	1
1573	2893	1
1573	2894	1
1573	2895	1
1574	1095	2
1574	1150	1
1574	1151	1
1574	1245	1
1574	1246	2
1574	1254	1
1574	1258	1
1574	1259	1
1575	1107	1
1575	1213	2
1576	411	1
1576	1097	1
1576	1099	1
1576	1100	1
1576	1131	1
1576	1132	1
1576	1141	1
1576	1160	1
1576	1186	1
1576	1208	1
1576	1230	1
1576	1241	1
1576	1263	1
1576	1284	1
1576	1285	1
1576	1297	1
1576	1308	1
1576	1485	1
1576	1718	2
1576	1829	1
1577	1119	2
1577	1131	1
1577	1175	2
1577	1186	1
1577	1940	1
1578	2640	1
1578	2669	1
1578	2867	1
1578	2901	1
1578	2903	1
1578	2904	1
1578	2907	1
1578	2940	1
1579	1101	1
1579	1130	1
1579	1161	1
1579	1245	2
1579	1249	1
1579	1260	1
1579	1266	1
1580	2157	2
1580	2183	2
1581	1064	1
1581	1519	1
1581	1563	1
1581	1630	2
1581	1707	1
1581	1718	1
1582	84	2
1582	144	2
1582	395	2
1582	410	1
1582	422	1
1583	2657	2
1583	2913	2
1584	1081	2
1584	1127	1
1585	615	1
1585	623	1
1585	624	1
1585	625	1
1585	629	1
1585	633	1
1585	634	1
1585	635	1
1585	639	1
1585	643	1
1585	644	1
1585	666	1
1585	667	1
1586	2719	2
1586	2868	1
1587	2689	2
1587	2713	2
1587	2715	2
1587	2717	2
1587	2849	2
1587	2869	2
1587	2870	1
1587	2874	1
1587	2877	1
1587	2879	1
1587	2881	1
1587	2934	2
1587	2936	2
1587	2937	2
1588	2761	2
1588	2889	2
1589	2385	1
1589	2429	2
1589	2478	1
1589	2479	2
1589	2484	1
1589	2485	1
1589	2525	1
1590	1625	2
1591	1385	1
1591	1674	1
1591	2849	1
1591	2876	1
1592	2385	1
1592	2478	1
1592	2479	2
1593	530	1
1593	532	2
1594	1626	2
1595	2687	2
1595	2731	2
1595	2735	2
1595	2749	1
1595	2760	2
1596	2849	2
1596	2874	1
1597	2689	2
1597	2713	2
1597	2715	2
1597	2717	2
1597	2849	2
1597	2869	2
1597	2934	2
1597	2937	2
1598	1591	2
1598	1592	1
1598	1594	1
1598	1598	1
1599	1095	1
1599	1208	1
1599	1252	1
1599	2210	1
1599	2669	1
1599	2867	2
1599	2879	1
1599	2926	1
1599	2932	1
1600	2653	2
1600	2897	2
1601	1626	2
1602	2193	2
1603	10	2
1603	87	1
1603	88	1
1603	218	1
1603	247	1
1603	346	1
1603	401	1
1603	402	1
1603	2686	2
1603	2889	2
1604	2837	1
1604	2841	1
1604	2845	1
1604	2897	1
1605	2641	2
1605	2675	2
1605	2927	1
1606	2362	2
1607	1352	1
1607	1363	2
1608	921	2
1608	925	2
1609	2649	1
1609	2882	1
1609	2919	1
1610	1276	2
1611	2127	1
1611	2249	1
1611	2260	1
1612	1238	2
1613	2805	2
1614	2739	1
1614	2741	1
1614	2743	1
1614	2744	1
1614	2751	1
1614	2753	1
1614	2756	1
1614	2758	1
1614	2760	1
1614	2763	1
1614	2767	1
1614	2770	1
1614	2773	1
1614	2777	1
1614	2779	1
1614	2781	1
1614	2784	1
1614	2793	2
1614	2799	1
1614	2800	1
1614	2810	1
1614	2815	1
1614	2817	1
1614	2826	1
1614	2834	1
1615	2154	2
1616	1206	1
1616	1308	1
1616	1352	2
1616	1363	1
1616	1386	1
1616	1408	1
1616	1419	1
1616	1441	1
1616	1829	1
1617	494	1
1617	565	1
1617	569	1
1617	620	1
1617	621	1
1617	630	1
1617	631	1
1617	641	1
1617	1046	1
1618	2925	2
1619	2814	2
1620	1016	2
1621	84	1
1621	143	2
1621	391	1
1621	395	1
1621	414	1
1621	417	1
1621	419	2
1622	454	1
1622	458	1
1622	528	2
1622	532	1
1622	601	2
1622	602	1
1623	1131	1
1623	1208	1
1623	1308	1
1623	1718	1
1623	1829	1
1624	1079	2
1625	2088	2
1626	2804	1
1626	2808	1
1627	1080	1
1627	1081	2
1627	1127	2
1628	1206	2
1628	1430	2
1628	1463	2
1628	1829	2
1629	2639	1
1629	2684	1
1629	2690	1
1629	2727	1
1629	2738	1
1629	2750	1
1629	2761	1
1629	2838	1
1629	2849	1
1629	2888	1
1629	2889	1
1629	2892	1
1629	2893	1
1629	2909	1
1629	2923	1
1629	2931	1
1629	2937	1
1630	1094	1
1630	1096	1
1630	1301	1
1630	1986	2
1631	1541	1
1632	2068	1
1632	2115	1
1632	2127	1
1632	2230	1
1632	2249	1
1632	2260	1
1633	1206	1
1633	1352	1
1633	1363	2
1633	1397	1
1633	1408	1
1633	1441	1
1633	1829	2
1634	2072	2
1635	1982	2
1636	1611	2
1636	1612	1
1636	1632	1
1637	2762	1
1637	2764	1
1638	2211	2
1638	2214	1
1639	1969	2
1640	2709	1
1640	2892	1
1640	2895	1
1640	2896	1
1641	2037	2
1641	2225	1
1642	1060	1
1642	1108	1
1642	1206	1
1642	1299	1
1642	1319	1
1642	1341	1
1642	1352	1
1642	1363	1
1642	1374	1
1642	1397	1
1642	1430	1
1642	1441	1
1642	1452	1
1642	1463	1
1642	1829	1
1643	1130	1
1643	1141	1
1643	2011	1
1643	2012	2
1644	611	2
1644	656	2
1644	668	2
1644	670	1
1644	675	2
1644	679	2
1644	686	2
1644	783	1
1645	7	1
1645	385	1
1645	1014	1
1645	1046	1
1645	1047	1
1646	1292	1
1646	1293	1
1646	1967	1
1646	1969	2
1646	1978	1
1646	1980	1
1647	2744	1
1647	2753	1
1647	2757	1
1647	2762	1
1647	2763	1
1647	2765	1
1647	2767	1
1647	2769	1
1647	2775	1
1647	2779	1
1647	2780	1
1647	2781	1
1647	2784	1
1647	2787	1
1647	2788	1
1647	2790	1
1647	2813	1
1647	2818	1
1647	2819	1
1647	2820	1
1648	1008	2
1648	1009	2
1649	1741	1
1649	1969	1
1650	2722	1
1650	2851	1
1650	2852	1
1650	2853	1
1650	2854	1
1650	2855	1
1650	2856	1
1651	2638	1
1651	2686	1
1651	2687	1
1651	2731	1
1651	2745	2
1652	2934	2
1653	2886	1
1653	2888	1
1653	2894	1
1653	2896	1
1653	2923	1
1654	2064	2
1654	2193	1
1654	2202	2
1654	2203	2
1654	2214	2
1655	2903	2
1656	1046	2
1656	1047	1
1657	1016	2
1658	2900	2
1659	2721	1
1659	2722	1
1659	2847	1
1659	2853	1
1659	2854	2
1659	2855	1
1660	631	1
1660	665	1
1661	2833	1
1661	2834	1
1661	2835	2
1661	2837	1
1662	2686	2
1662	2746	2
1663	2894	1
1663	2895	2
1664	2805	2
1664	2849	2
1664	2874	1
1664	2875	1
1665	2260	2
1666	165	1
1667	993	2
1667	1024	2
1668	1969	2
1669	2046	1
1669	2047	2
1669	2263	1
1670	2442	2
1671	2849	2
1671	2874	1
1671	2877	1
1671	2879	1
1671	2881	1
1672	2688	2
1673	1313	2
1673	1321	2
1673	1322	2
1673	1332	2
1673	1686	2
1673	1823	2
1673	1827	1
1673	1839	2
1674	2687	1
1674	2740	1
1674	2742	1
1674	2758	1
1674	2760	1
1674	2763	1
1674	2764	1
1674	2770	1
1674	2773	1
1674	2777	1
1674	2787	1
1674	2793	1
1674	2796	1
1674	2798	1
1674	2820	1
1674	2909	1
1675	1082	2
1676	2657	1
1676	2659	1
1676	2660	1
1676	2666	1
1676	2669	1
1676	2673	1
1676	2872	1
1676	2900	1
1676	2901	1
1676	2902	1
1676	2903	1
1676	2913	1
1676	2914	1
1676	2915	1
1676	2940	2
1677	1214	1
1677	1215	2
1678	2686	1
1678	2731	1
1678	2739	1
1678	2740	1
1678	2764	1
1678	2767	1
1678	2776	1
1678	2777	1
1678	2784	1
1678	2785	1
1678	2786	1
1678	2787	1
1678	2789	1
1678	2790	1
1678	2791	1
1678	2792	1
1678	2793	1
1678	2795	2
1678	2803	1
1678	2820	1
1679	1982	2
1680	223	2
1680	241	2
1680	243	1
1680	387	1
1680	407	1
1680	414	1
1681	2798	1
1681	2799	1
1681	2800	1
1681	2810	1
1682	1035	2
1683	2021	1
1683	2024	1
1683	2037	1
1683	2056	1
1683	2069	2
1683	2072	2
1683	2203	1
1683	2211	1
1683	2217	1
1683	2259	1
1683	2262	1
1683	2276	1
1684	2359	1
1684	2393	1
1684	2401	1
1684	2441	1
1684	2912	1
1685	560	2
1686	171	2
1686	176	2
1687	720	2
1687	746	2
1687	775	2
1687	799	2
1687	823	2
1687	852	2
1687	923	2
1687	984	2
1688	130	2
1688	133	2
1688	134	2
1688	236	1
1689	2849	2
1690	2056	1
1690	2064	1
1690	2066	1
1690	2211	1
1690	2212	2
1690	2241	2
1690	2258	1
1691	524	1
1691	525	1
1692	1090	1
1692	1091	2
1692	1121	1
1692	1156	1
1693	2337	1
1693	2362	1
1693	2393	1
1693	2396	1
1693	2397	1
1693	2400	1
1693	2419	1
1693	2471	1
1693	2475	1
1694	1059	2
1695	2219	1
1695	2266	1
1695	2641	1
1695	2642	1
1695	2649	1
1695	2671	1
1695	2674	1
1696	1082	2
1696	1266	1
1696	1497	1
1696	1652	2
1696	1718	1
1697	2479	2
1698	2479	2
1699	441	1
1699	442	2
1699	1049	2
1699	1050	1
1700	2821	1
1700	2835	1
1700	2844	1
1700	2845	1
1701	1102	2
1701	1288	1
1702	1097	2
1702	1292	1
1702	1308	2
1702	1718	1
1702	1829	2
1702	2686	1
1703	2847	2
1704	5	2
1704	7	2
1704	228	2
1704	385	2
1704	389	2
1704	390	2
1705	2031	2
1705	2243	1
1706	2058	1
1706	2193	2
1706	2203	2
1706	2204	1
1706	2206	1
1707	639	2
1707	644	1
1707	1211	2
1707	1459	2
1707	1470	1
1708	439	2
1709	2021	2
1709	2237	1
1709	2242	1
1710	565	1
1710	566	1
1710	569	1
1710	1014	2
1710	1042	1
1710	1045	1
1710	1046	1
1710	1047	1
1711	1561	1
1711	1562	1
1711	1564	2
1711	1566	1
1711	1568	2
1711	1579	2
1711	1743	2
1712	251	2
1713	160	2
1714	2875	2
1715	2195	2
1715	2260	2
1716	1077	1
1716	1082	1
1716	1237	1
1716	1308	1
1716	1519	1
1716	1530	1
1716	1541	1
1716	1563	1
1716	1608	1
1716	1619	1
1716	1641	1
1716	1707	2
1716	1719	2
1717	2382	2
1718	2644	2
1718	2713	1
1718	2714	2
1718	2849	1
1718	2861	2
1718	2875	1
1718	2877	1
1718	2934	1
1719	475	1
1719	476	1
1719	893	1
1719	901	1
1719	910	2
1719	933	1
1719	1046	1
1719	1047	1
1720	2398	1
1720	2439	1
1720	2505	1
1720	2520	1
1720	2571	1
1720	2581	1
1721	444	2
1721	445	2
1721	452	1
1722	2550	2
1723	2057	2
1723	2058	1
1723	2155	2
1723	2156	1
1723	2184	1
1723	2595	1
1724	1077	2
1724	1082	1
1724	1719	2
1724	1741	1
1725	2796	2
1726	1148	2
1727	2805	2
1728	1869	2
1729	2882	2
1730	2815	1
1730	2817	1
1730	2819	1
1731	450	2
1732	1046	2
1733	67	2
1733	430	1
1734	2356	1
1734	2398	1
1734	2402	1
1734	2403	1
1734	2604	1
1735	1	1
1735	385	2
1736	2894	2
1736	2895	2
1737	2877	2
1738	2716	1
1738	2727	1
1738	2772	1
1738	2886	1
1738	2923	1
1738	2924	2
1738	2931	1
1739	2801	2
1739	2804	2
1740	2721	2
1741	2691	1
1741	2794	1
1741	2876	1
1741	2887	2
1742	668	1
1742	671	2
1742	679	1
1742	682	2
1743	2639	1
1743	2672	1
1743	2683	1
1743	2705	1
1743	2716	1
1743	2738	1
1743	2783	1
1743	2794	1
1743	2838	1
1743	2849	1
1743	2888	1
1743	2923	1
1743	2924	1
1743	2925	1
1744	1563	1
1744	1741	1
1745	1103	1
1745	1562	1
1745	1564	1
1745	1565	1
1745	1566	1
1745	1567	1
1745	1568	1
1745	1569	1
1745	1570	1
1745	1571	1
1745	1572	1
1745	1573	1
1745	1575	1
1745	1576	1
1745	1579	1
1745	1616	1
1745	1743	1
1745	1961	1
1746	134	2
1747	2231	1
1747	2650	1
1747	2761	1
1747	2888	1
1747	2892	1
1747	2893	1
1747	2894	1
1747	2895	1
1747	2896	1
1748	621	2
1748	622	1
1748	624	1
1748	631	2
1748	632	1
1748	634	1
1748	641	2
1748	642	1
1748	644	1
1748	665	1
1749	1073	1
1749	1074	1
1749	1076	1
1749	1741	1
1750	84	1
1750	143	1
1750	395	2
1751	1073	1
1751	1074	1
1751	1719	2
1752	2643	1
1752	2650	1
1752	2677	1
1752	2678	1
1752	2699	1
1752	2712	1
1752	2783	1
1752	2861	1
1752	2867	1
1752	2868	1
1752	2874	1
1752	2881	1
1752	2895	1
1752	2896	1
1752	2897	1
1753	2064	1
1753	2202	1
1753	2203	1
1753	2209	1
1753	2212	1
1753	2258	1
1754	2689	1
1754	2690	1
1754	2889	1
1754	2890	1
1755	76	1
1755	94	2
1756	624	1
1756	634	1
1756	644	1
1756	646	2
1757	299	1
1757	311	1
1757	326	1
1757	342	1
1757	355	1
1757	358	1
1757	361	1
1757	364	1
1758	374	1
1758	375	1
1759	3	1
1759	7	1
1759	8	1
1759	12	1
1759	228	1
1759	334	1
1759	365	1
1759	382	1
1759	385	1
1759	389	1
1759	390	1
1759	404	1
1760	1194	1
1760	2666	1
1760	2669	1
1761	2669	1
1761	2783	1
1761	2838	1
1761	2884	1
1761	2886	1
1761	2888	1
1761	2894	1
1761	2896	1
1761	2917	1
1761	2921	1
1761	2926	1
1762	1830	1
1762	1863	1
1763	431	1
1763	433	1
1764	2077	1
1764	2188	1
1764	2189	1
1764	2190	1
1764	2191	1
1765	1109	1
1765	1110	1
1765	1111	1
1765	1112	1
1765	1173	1
1766	8	1
1766	227	2
1766	2229	1
1767	3	1
1767	9	1
1767	23	1
1767	24	1
1767	62	1
1767	63	1
1767	64	1
1767	66	1
1767	72	1
1767	82	1
1767	189	1
1767	246	1
1767	268	1
1767	393	1
1767	430	1
1767	433	1
1767	434	1
1767	2027	1
1767	2049	1
1767	2060	1
1768	358	1
1768	359	1
1768	360	1
1768	361	1
1768	363	1
1768	364	1
1769	2643	1
1769	2650	1
1769	2677	1
1769	2678	1
1769	2699	1
1769	2712	1
1769	2783	1
1769	2861	1
1769	2867	1
1769	2868	1
1769	2874	1
1769	2881	1
1769	2895	1
1769	2896	1
1769	2897	1
1770	2064	1
1770	2202	1
1770	2203	1
1770	2209	1
1770	2212	1
1770	2258	1
1771	2689	1
1771	2690	1
1771	2889	1
1771	2890	1
1772	76	1
1772	94	2
1773	624	1
1773	634	1
1773	644	1
1773	646	2
1774	299	1
1774	311	1
1774	326	1
1774	342	1
1774	355	1
1774	358	1
1774	361	1
1774	364	1
1775	374	1
1775	375	1
1776	3	1
1776	7	1
1776	8	1
1776	12	1
1776	228	1
1776	334	1
1776	365	1
1776	382	1
1776	385	1
1776	389	1
1776	390	1
1776	404	1
1777	1194	1
1777	2666	1
1777	2669	1
1778	2669	1
1778	2783	1
1778	2838	1
1778	2884	1
1778	2886	1
1778	2888	1
1778	2894	1
1778	2896	1
1778	2917	1
1778	2921	1
1778	2926	1
1779	1830	1
1779	1863	1
1780	431	1
1780	433	1
1781	2077	1
1781	2188	1
1781	2189	1
1781	2190	1
1781	2191	1
1782	1109	1
1782	1110	1
1782	1111	1
1782	1112	1
1782	1173	1
1783	8	1
1783	227	2
1783	2229	1
1784	3	1
1784	9	1
1784	23	1
1784	24	1
1784	62	1
1784	63	1
1784	64	1
1784	66	1
1784	72	1
1784	82	1
1784	189	1
1784	246	1
1784	268	1
1784	393	1
1784	430	1
1784	433	1
1784	434	1
1784	2027	1
1784	2049	1
1784	2060	1
1785	358	1
1785	359	1
1785	360	1
1785	361	1
1785	363	1
1785	364	1
1786	2643	1
1786	2650	1
1786	2677	1
1786	2678	1
1786	2699	1
1786	2712	1
1786	2783	1
1786	2861	1
1786	2867	1
1786	2868	1
1786	2874	1
1786	2881	1
1786	2895	1
1786	2896	1
1786	2897	1
1787	2064	1
1787	2202	1
1787	2203	1
1787	2209	1
1787	2212	1
1787	2258	1
1788	2689	1
1788	2690	1
1788	2889	1
1788	2890	1
1789	76	1
1789	94	2
1790	624	1
1790	634	1
1790	644	1
1790	646	2
1791	299	1
1791	311	1
1791	326	1
1791	342	1
1791	355	1
1791	358	1
1791	361	1
1791	364	1
1792	374	1
1792	375	1
1793	3	1
1793	7	1
1793	8	1
1793	12	1
1793	228	1
1793	334	1
1793	365	1
1793	382	1
1793	385	1
1793	389	1
1793	390	1
1793	404	1
1794	1194	1
1794	2666	1
1794	2669	1
1795	2669	1
1795	2783	1
1795	2838	1
1795	2884	1
1795	2886	1
1795	2888	1
1795	2894	1
1795	2896	1
1795	2917	1
1795	2921	1
1795	2926	1
1796	1830	1
1796	1863	1
1797	431	1
1797	433	1
1798	2077	1
1798	2188	1
1798	2189	1
1798	2190	1
1798	2191	1
1799	1109	1
1799	1110	1
1799	1111	1
1799	1112	1
1799	1173	1
1800	8	1
1800	227	2
1800	2229	1
1801	3	1
1801	9	1
1801	23	1
1801	24	1
1801	62	1
1801	63	1
1801	64	1
1801	66	1
1801	72	1
1801	82	1
1801	189	1
1801	246	1
1801	268	1
1801	393	1
1801	430	1
1801	433	1
1801	434	1
1801	2027	1
1801	2049	1
1801	2060	1
1802	358	1
1802	359	1
1802	360	1
1802	361	1
1802	363	1
1802	364	1
1803	2643	1
1803	2650	1
1803	2677	1
1803	2678	1
1803	2699	1
1803	2712	1
1803	2783	1
1803	2861	1
1803	2867	1
1803	2868	1
1803	2874	1
1803	2881	1
1803	2895	1
1803	2896	1
1803	2897	1
1804	2064	1
1804	2202	1
1804	2203	1
1804	2209	1
1804	2212	1
1804	2258	1
1805	2689	1
1805	2690	1
1805	2889	1
1805	2890	1
1806	76	1
1806	94	2
1807	624	1
1807	634	1
1807	644	1
1807	646	2
1808	299	1
1808	311	1
1808	326	1
1808	342	1
1808	355	1
1808	358	1
1808	361	1
1808	364	1
1809	374	1
1809	375	1
1810	3	1
1810	7	1
1810	8	1
1810	12	1
1810	228	1
1810	334	1
1810	365	1
1810	382	1
1810	385	1
1810	389	1
1810	390	1
1810	404	1
1811	1194	1
1811	2666	1
1811	2669	1
1812	2669	1
1812	2783	1
1812	2838	1
1812	2884	1
1812	2886	1
1812	2888	1
1812	2894	1
1812	2896	1
1812	2917	1
1812	2921	1
1812	2926	1
1813	1830	1
1813	1863	1
1814	431	1
1814	433	1
1815	2077	1
1815	2188	1
1815	2189	1
1815	2190	1
1815	2191	1
1816	1109	1
1816	1110	1
1816	1111	1
1816	1112	1
1816	1173	1
1817	8	1
1817	227	2
1817	2229	1
1818	3	1
1818	9	1
1818	23	1
1818	24	1
1818	62	1
1818	63	1
1818	64	1
1818	66	1
1818	72	1
1818	82	1
1818	189	1
1818	246	1
1818	268	1
1818	393	1
1818	430	1
1818	433	1
1818	434	1
1818	2027	1
1818	2049	1
1818	2060	1
1819	358	1
1819	359	1
1819	360	1
1819	361	1
1819	363	1
1819	364	1
1820	2643	1
1820	2650	1
1820	2677	1
1820	2678	1
1820	2699	1
1820	2712	1
1820	2783	1
1820	2861	1
1820	2867	1
1820	2868	1
1820	2874	1
1820	2881	1
1820	2895	1
1820	2896	1
1820	2897	1
1821	2064	1
1821	2202	1
1821	2203	1
1821	2209	1
1821	2212	1
1821	2258	1
1822	2689	1
1822	2690	1
1822	2889	1
1822	2890	1
1823	76	1
1823	94	2
1824	624	1
1824	634	1
1824	644	1
1824	646	2
1825	299	1
1825	311	1
1825	326	1
1825	342	1
1825	355	1
1825	358	1
1825	361	1
1825	364	1
1826	374	1
1826	375	1
1827	3	1
1827	7	1
1827	8	1
1827	12	1
1827	228	1
1827	334	1
1827	365	1
1827	382	1
1827	385	1
1827	389	1
1827	390	1
1827	404	1
1828	1194	1
1828	2666	1
1828	2669	1
1829	2669	1
1829	2783	1
1829	2838	1
1829	2884	1
1829	2886	1
1829	2888	1
1829	2894	1
1829	2896	1
1829	2917	1
1829	2921	1
1829	2926	1
1830	1830	1
1830	1863	1
1831	431	1
1831	433	1
1832	2077	1
1832	2188	1
1832	2189	1
1832	2190	1
1832	2191	1
1833	1109	1
1833	1110	1
1833	1111	1
1833	1112	1
1833	1173	1
1834	8	1
1834	227	2
1834	2229	1
1835	3	1
1835	9	1
1835	23	1
1835	24	1
1835	62	1
1835	63	1
1835	64	1
1835	66	1
1835	72	1
1835	82	1
1835	189	1
1835	246	1
1835	268	1
1835	393	1
1835	430	1
1835	433	1
1835	434	1
1835	2027	1
1835	2049	1
1835	2060	1
1836	358	1
1836	359	1
1836	360	1
1836	361	1
1836	363	1
1836	364	1
1837	2643	1
1837	2650	1
1837	2677	1
1837	2678	1
1837	2699	1
1837	2712	1
1837	2783	1
1837	2861	1
1837	2867	1
1837	2868	1
1837	2874	1
1837	2881	1
1837	2895	1
1837	2896	1
1837	2897	1
1838	2064	1
1838	2202	1
1838	2203	1
1838	2209	1
1838	2212	1
1838	2258	1
1839	2689	1
1839	2690	1
1839	2889	1
1839	2890	1
1840	76	1
1840	94	2
1841	624	1
1841	634	1
1841	644	1
1841	646	2
1842	299	1
1842	311	1
1842	326	1
1842	342	1
1842	355	1
1842	358	1
1842	361	1
1842	364	1
1843	374	1
1843	375	1
1844	3	1
1844	7	1
1844	8	1
1844	12	1
1844	228	1
1844	334	1
1844	365	1
1844	382	1
1844	385	1
1844	389	1
1844	390	1
1844	404	1
1845	1194	1
1845	2666	1
1845	2669	1
1846	2669	1
1846	2783	1
1846	2838	1
1846	2884	1
1846	2886	1
1846	2888	1
1846	2894	1
1846	2896	1
1846	2917	1
1846	2921	1
1846	2926	1
1847	1830	1
1847	1863	1
1848	431	1
1848	433	1
1849	2077	1
1849	2188	1
1849	2189	1
1849	2190	1
1849	2191	1
1850	1109	1
1850	1110	1
1850	1111	1
1850	1112	1
1850	1173	1
1851	8	1
1851	227	2
1851	2229	1
1852	3	1
1852	9	1
1852	23	1
1852	24	1
1852	62	1
1852	63	1
1852	64	1
1852	66	1
1852	72	1
1852	82	1
1852	189	1
1852	246	1
1852	268	1
1852	393	1
1852	430	1
1852	433	1
1852	434	1
1852	2027	1
1852	2049	1
1852	2060	1
1853	358	1
1853	359	1
1853	360	1
1853	361	1
1853	363	1
1853	364	1
